#
# There is insufficient memory for the Java Runtime Environment to continue.
# Native memory allocation (mmap) failed to map 1048576 bytes. Error detail: G1 virtual space
# Possible reasons:
#   The system is out of physical RAM or swap space
#   This process is running with CompressedOops enabled, and the Java Heap may be blocking the growth of the native heap
# Possible solutions:
#   Reduce memory load on the system
#   Increase physical memory or swap space
#   Check if swap backing store is full
#   Decrease Java heap size (-Xmx/-Xms)
#   Decrease number of Java threads
#   Decrease Java thread stack sizes (-Xss)
#   Set larger code cache with -XX:ReservedCodeCacheSize=
#   JVM is running with Unscaled Compressed Oops mode in which the Java heap is
#     placed in the first 4GB address space. The Java Heap base address is the
#     maximum limit for the native heap growth. Please use -XX:HeapBaseMinAddress
#     to set the Java Heap base and to place the Java Heap above 4GB virtual address.
# This output file may be truncated or incomplete.
#
#  Out of Memory Error (os_windows.cpp:3925), pid=16044, tid=2344
#
# JRE version: OpenJDK Runtime Environment (21.0.8) (build 21.0.8+-14018985-b1038.68)
# Java VM: OpenJDK 64-Bit Server VM (21.0.8+-14018985-b1038.68, mixed mode, tiered, compressed oops, compressed class ptrs, g1 gc, windows-amd64)
# No core dump will be written. Minidumps are not enabled by default on client versions of Windows
#

---------------  S U M M A R Y ------------

Command Line: --add-opens=java.base/java.lang=ALL-UNNAMED --add-opens=java.base/java.lang.invoke=ALL-UNNAMED --add-opens=java.base/java.util=ALL-UNNAMED --add-opens=java.prefs/java.util.prefs=ALL-UNNAMED --add-exports=jdk.compiler/com.sun.tools.javac.api=ALL-UNNAMED --add-exports=jdk.compiler/com.sun.tools.javac.util=ALL-UNNAMED --add-opens=java.base/java.util=ALL-UNNAMED --add-opens=java.prefs/java.util.prefs=ALL-UNNAMED --add-opens=java.base/java.nio.charset=ALL-UNNAMED --add-opens=java.base/java.net=ALL-UNNAMED --add-opens=java.base/java.util.concurrent.atomic=ALL-UNNAMED --add-opens=java.xml/javax.xml.namespace=ALL-UNNAMED -Xmx1536m -Dfile.encoding=UTF-8 -Duser.country=US -Duser.language=en -Duser.variant -javaagent:C:\Users\ASIS\.gradle\wrapper\dists\gradle-8.13-all\54h0s9kvb6g2sinako7ub77ku\gradle-8.13\lib\agents\gradle-instrumentation-agent-8.13.jar org.gradle.launcher.daemon.bootstrap.GradleDaemon 8.13

Host: AMD Ryzen 5 5600 6-Core Processor              , 12 cores, 15G,  Windows 10 , 64 bit Build 19041 (10.0.19041.5915)
Time: Thu Mar 26 01:42:31 2026 China Standard Time elapsed time: 18828.960609 seconds (0d 5h 13m 48s)

---------------  T H R E A D  ---------------

Current thread (0x0000025e21fde950):  JavaThread "ForkJoinPool.commonPool-worker-15" daemon [_thread_in_vm, id=2344, stack(0x0000007d4c000000,0x0000007d4c100000) (1024K)]

Stack: [0x0000007d4c000000,0x0000007d4c100000]
Native frames: (J=compiled Java code, j=interpreted, Vv=VM code, C=native code)
V  [jvm.dll+0x6d68d9]
V  [jvm.dll+0x866693]
V  [jvm.dll+0x868c4e]
V  [jvm.dll+0x869333]
V  [jvm.dll+0x280566]
V  [jvm.dll+0x6d3195]
V  [jvm.dll+0x6c69ea]
V  [jvm.dll+0x3586db]
V  [jvm.dll+0x360336]
V  [jvm.dll+0x3b20fb]
V  [jvm.dll+0x3b27b4]
V  [jvm.dll+0x3b2306]
V  [jvm.dll+0x32b2a4]
V  [jvm.dll+0x32943f]
V  [jvm.dll+0x668220]
V  [jvm.dll+0x240372]
V  [jvm.dll+0x82ac67]
V  [jvm.dll+0x732fc7]
C  0x0000025e07646aa9

The last pc belongs to _new_array_Java (printed below).
Java frames: (J=compiled Java code, j=interpreted, Vv=VM code)
v  ~RuntimeStub::_new_array_Java 0x0000025e07646aa9
J 12888 c2 java.nio.ByteBuffer.allocate(I)Ljava/nio/ByteBuffer; java.base@21.0.8 (20 bytes) @ 0x0000025e07bc796c [0x0000025e07bc7720+0x000000000000024c]
j  com.android.apksig.internal.apk.ApkSigningBlockUtils$ChunkSupplier.get()Lcom/android/apksig/internal/apk/ApkSigningBlockUtils$ChunkSupplier$Chunk;+99
j  com.android.apksig.internal.apk.ApkSigningBlockUtils$ChunkDigester.run()V+226
j  java.util.concurrent.ForkJoinTask$AdaptedInterruptibleRunnable.compute()Ljava/lang/Object;+4 java.base@21.0.8
j  java.util.concurrent.ForkJoinTask$InterruptibleTask.exec()Z+51 java.base@21.0.8
j  java.util.concurrent.ForkJoinTask.doExec()V+10 java.base@21.0.8
j  java.util.concurrent.ForkJoinPool$WorkQueue.topLevelExec(Ljava/util/concurrent/ForkJoinTask;Ljava/util/concurrent/ForkJoinPool$WorkQueue;I)V+49 java.base@21.0.8
j  java.util.concurrent.ForkJoinPool.scan(Ljava/util/concurrent/ForkJoinPool$WorkQueue;JI)J+245 java.base@21.0.8
j  java.util.concurrent.ForkJoinPool.runWorker(Ljava/util/concurrent/ForkJoinPool$WorkQueue;)V+62 java.base@21.0.8
j  java.util.concurrent.ForkJoinWorkerThread.run()V+31 java.base@21.0.8
v  ~StubRoutines::call_stub 0x0000025e0753100d
--------------------------------------------------------------------------------
Decoding CodeBlob, name: _new_array_Java, at  [0x0000025e07646a80, 0x0000025e07646af0]  112 bytes
[MachCode]
  0x0000025e07646a80: 4881 ec28 | 0000 0048 | 896c 2420 | 4989 a798 | 0300 0048 | 8bca 418b | d04d 8bc7 | 49ba 902f 
  0x0000025e07646aa0: 9772 fd7f | 0000 41ff | d20f 1f84 | 0000 0000 | 004d 89a7 | 9803 0000 | 4d89 a7a0 | 0300 0049 
  0x0000025e07646ac0: 8b87 f003 | 0000 4d89 | a7f0 0300 | 004d 3b67 | 0875 0648 | 83c4 205d | c333 db49 | ba00 0f53 
  0x0000025e07646ae0: 075e 0200 | 0048 83c4 | 205d 41ff | e2f4 f4f4 
[/MachCode]
--------------------------------------------------------------------------------


Compiled method (c2) 18829002 12888       4       java.nio.ByteBuffer::allocate (20 bytes)
 total in heap  [0x0000025e07bc7590,0x0000025e07bc7b58] = 1480
 relocation     [0x0000025e07bc76f0,0x0000025e07bc7720] = 48
 main code      [0x0000025e07bc7720,0x0000025e07bc79d0] = 688
 stub code      [0x0000025e07bc79d0,0x0000025e07bc79e8] = 24
 metadata       [0x0000025e07bc79e8,0x0000025e07bc7a68] = 128
 scopes data    [0x0000025e07bc7a68,0x0000025e07bc7aa8] = 64
 scopes pcs     [0x0000025e07bc7aa8,0x0000025e07bc7af8] = 80
 dependencies   [0x0000025e07bc7af8,0x0000025e07bc7b28] = 48
 handler table  [0x0000025e07bc7b28,0x0000025e07bc7b58] = 48

[Constant Pool (empty)]

[MachCode]
[Verified Entry Point]
  # {method} {0x0000025e1125f918} 'allocate' '(I)Ljava/nio/ByteBuffer;' in 'java/nio/ByteBuffer'
  # parm0:    rdx       = int
  #           [sp+0x60]  (sp of caller)
  0x0000025e07bc7720: 8984 2400 | 80ff ff55 | 4883 ec50 | 4181 7f20 | 2300 0000 | 0f85 8a02 | 0000 8954 | 2420 85d2 
  0x0000025e07bc7740: 0f8c 3e02 | 0000 498b | afb8 0100 | 004c 8bd5 | 4983 c238 | 4d3b 97c8 | 0100 000f | 83d1 0100 
  0x0000025e07bc7760: 004d 8997 | b801 0000 | 410f 1882 | 0001 0000 | 48c7 4500 | 0100 0000 

  0x0000025e07bc7778: ;   {metadata('java/nio/HeapByteBuffer')}
  0x0000025e07bc7778: c745 08af | f700 2044 | 8965 0c4c | 8965 104c | 8965 184c | 8965 204c | 8965 284c | 8965 3044 
  0x0000025e07bc7798: 8b5c 2420 | 4181 fb00 | 0010 000f | 87d3 0100 | 0049 63cb | 4181 fb00 | 0010 000f | 879f 0100 
  0x0000025e07bc77b8: 004d 8b87 | b801 0000 | 4883 c117 | 4c8b d149 | 83e2 f84d | 8bd8 4d03 | da4d 3b9f | c801 0000 
  0x0000025e07bc77d8: 0f83 7a01 | 0000 4d89 | 9fb8 0100 | 0041 0f18 | 8300 0100 | 0049 c700 | 0100 0000 | 410f 1883 
  0x0000025e07bc77f8: 4001 0000 

  0x0000025e07bc77fc: ;   {metadata({type array byte})}
  0x0000025e07bc77fc: 41c7 4008 | 5981 0020 | 448b 4c24 | 2045 8948 | 0c41 0f18 | 8380 0100 | 0049 8bf8 | 4883 c710 
  0x0000025e07bc781c: 48c1 e903 | 4883 c1fe | 4833 c048 | 83f9 087f | 1048 ffc9 | 784f 4889 | 04cf 48ff | c97d f7eb 
  0x0000025e07bc783c: 44c5 fdef | c0e9 0d00 | 0000 c5fe | 7f07 c5fe | 7f47 2048 | 83c7 4048 | 83e9 087d | ed48 83c1 
  0x0000025e07bc785c: 047c 0cc5 | fe7f 0748 | 83c7 2048 | 83e9 0448 | 83c1 047e | 1048 ffc9 | c5f9 d607 | 4883 c708 
  0x0000025e07bc787c: 48ff c97d | f3c7 450c | ffff ffff | 448b 5424 | 2044 8955 | 1c44 8955 | 20c6 452d | 0144 8865 
  0x0000025e07bc789c: 2e4d 8bd8 | 4489 5d30 | 4d8b d04c | 8bdd 4d33 | d349 c1ea | 144d 85d2 | 7416 49c1 | eb09 48b9 
  0x0000025e07bc78bc: 0000 8e7c | 5e02 0000 | 4903 cb80 | 3902 7522 | 4489 6528 | 48c7 4510 | 1000 0000 | 488b c548 
  0x0000025e07bc78dc: 83c4 505d 

  0x0000025e07bc78e0: ;   {poll_return}
  0x0000025e07bc78e0: 493b a748 | 0400 000f | 87c1 0000 | 00c3 4d8b | 5748 4d8b | 5f58 f083 | 4424 c000 | 8039 0074 
  0x0000025e07bc7900: cb44 8821 | 4d85 d275 | 1a49 8bd7 | 49ba f021 | 5672 fd7f | 0000 41ff 

  0x0000025e07bc7918: ;   {other}
  0x0000025e07bc7918: d20f 1f84 | 0000 0000 | 00eb a94b | 894c 13f8 | 4983 c2f8 | 4d89 5748 

  0x0000025e07bc7930: ;   {metadata('java/nio/HeapByteBuffer')}
  0x0000025e07bc7930: eb9a 48ba | 78bd 0700 | 0100 0000 | 8b6c 2420 

  0x0000025e07bc7940: ;   {runtime_call _new_instance_Java}
  0x0000025e07bc7940: 6666 90e8 

  0x0000025e07bc7944: ; ImmutableOopMap {}
                      ;*new {reexecute=0 rethrow=0 return_oop=1}
                      ; - java.nio.ByteBuffer::allocate@9
  0x0000025e07bc7944: 38ee a7ff 

  0x0000025e07bc7948: ;   {other}
  0x0000025e07bc7948: 0f1f 8400 | b803 0000 | 488b e8e9 | 3ffe ffff 

  0x0000025e07bc7958: ;   {metadata({type array byte})}
  0x0000025e07bc7958: 48ba c80a | 0400 0100 | 0000 448b 

  0x0000025e07bc7964: ;   {runtime_call _new_array_Java}
  0x0000025e07bc7964: 4424 20e8 

  0x0000025e07bc7968: ; ImmutableOopMap {rbp=Oop }
                      ;*newarray {reexecute=0 rethrow=0 return_oop=1}
                      ; - java.nio.HeapByteBuffer::<init>@6
                      ; - java.nio.ByteBuffer::allocate@16
  0x0000025e07bc7968: 14f1 a7ff 

  0x0000025e07bc796c: ;   {other}
  0x0000025e07bc796c: 0f1f 8400 | dc03 0001 | 4c8b c0e9 | 05ff ffff | 4963 cbe9 | 28fe ffff | ba45 ffff | ff8b 6c24 
  0x0000025e07bc798c: ;   {runtime_call UncommonTrapBlob}
  0x0000025e07bc798c: 2066 90e8 

  0x0000025e07bc7990: ; ImmutableOopMap {}
                      ;*ifge {reexecute=1 rethrow=0 return_oop=0}
                      ; - (reexecute) java.nio.ByteBuffer::allocate@1
  0x0000025e07bc7990: 6ccc 9bff 

  0x0000025e07bc7994: ;   {other}
  0x0000025e07bc7994: 0f1f 8400 | 0404 0002 | 488b d0eb | 0348 8bd0 | 4883 c450 

  0x0000025e07bc79a8: ;   {runtime_call _rethrow_Java}
  0x0000025e07bc79a8: 5de9 d231 

  0x0000025e07bc79ac: ;   {internal_word}
  0x0000025e07bc79ac: a8ff 49ba | e078 bc07 | 5e02 0000 | 4d89 9760 

  0x0000025e07bc79bc: ;   {runtime_call SafepointBlob}
  0x0000025e07bc79bc: 0400 00e9 | 3cdd 9bff 

  0x0000025e07bc79c4: ;   {runtime_call StubRoutines (final stubs)}
  0x0000025e07bc79c4: e857 219a | ffe9 6cfd | ffff f4f4 
[Exception Handler]
  0x0000025e07bc79d0: ;   {no_reloc}
  0x0000025e07bc79d0: e9ab b4a7 | ffe8 0000 | 0000 4883 

  0x0000025e07bc79dc: ;   {runtime_call DeoptimizationBlob}
  0x0000025e07bc79dc: 2c24 05e9 | bccf 9bff | f4f4 f4f4 
[/MachCode]


---------------  P R O C E S S  ---------------

Threads class SMR info:
_java_thread_list=0x0000025e2205dc20, length=169, elements={
0x0000025e79436520, 0x0000025e7f67b6a0, 0x0000025e7f689470, 0x0000025e7f689ed0,
0x0000025e7f696e10, 0x0000025e7f697870, 0x0000025e7f6986e0, 0x0000025e7f69b150,
0x0000025e76fe6c70, 0x0000025e76fe7a10, 0x0000025e150bfef0, 0x0000025e16b14790,
0x0000025e169e2e20, 0x0000025e16a607b0, 0x0000025e16bdede0, 0x0000025e16bde0c0,
0x0000025e16bde750, 0x0000025e175a9b70, 0x0000025e175aa200, 0x0000025e175a8e50,
0x0000025e175aa890, 0x0000025e175ac2d0, 0x0000025e196698b0, 0x0000025e1966a5d0,
0x0000025e1966ac60, 0x0000025e187bb7f0, 0x0000025e187bc510, 0x0000025e187bcba0,
0x0000025e187bd230, 0x0000025e187baad0, 0x0000025e187bb160, 0x0000025e18675e60,
0x0000025e18673d90, 0x0000025e21ad1c70, 0x0000025e21ad6b30, 0x0000025e21ad4a60,
0x0000025e21ad43d0, 0x0000025e21ad08c0, 0x0000025e21ad36b0, 0x0000025e21ad0f50,
0x0000025e21ad3020, 0x0000025e21ad2300, 0x0000025e21ad5780, 0x0000025e21ad15e0,
0x0000025e21ad50f0, 0x0000025e21ad5e10, 0x0000025e21ad64a0, 0x0000025e21ad71c0,
0x0000025e21ad0230, 0x0000025e21add430, 0x0000025e21adc710, 0x0000025e21ad9fb0,
0x0000025e21adb9f0, 0x0000025e21addac0, 0x0000025e21ad9920, 0x0000025e21ad7850,
0x0000025e21adc080, 0x0000025e21ad7ee0, 0x0000025e21adee70, 0x0000025e21ad8570,
0x0000025e21ad8c00, 0x0000025e21ada640, 0x0000025e21adacd0, 0x0000025e20df6bd0,
0x0000025e20df3de0, 0x0000025e20df0960, 0x0000025e20df4470, 0x0000025e20df02d0,
0x0000025e20df1680, 0x0000025e20df6540, 0x0000025e20df23a0, 0x0000025e20defc40,
0x0000025e20df7f80, 0x0000025e20df2a30, 0x0000025e20df4b00, 0x0000025e20df7260,
0x0000025e20df0ff0, 0x0000025e20df30c0, 0x0000025e20df78f0, 0x0000025e20df8610,
0x0000025e20df3750, 0x0000025e20df5190, 0x0000025e20df5820, 0x0000025e20df8ca0,
0x0000025e20df1d10, 0x0000025e20dfad70, 0x0000025e20dfb400, 0x0000025e20dfe1f0,
0x0000025e20dfba90, 0x0000025e20dfd4d0, 0x0000025e20dfc120, 0x0000025e20dfc7b0,
0x0000025e20df9330, 0x0000025e20df99c0, 0x0000025e20dfce40, 0x0000025e20dfe880,
0x0000025e20dfef10, 0x0000025e20dfa050, 0x0000025e20dfa6e0, 0x0000025e20dfdb60,
0x0000025e160aa310, 0x0000025e160aca70, 0x0000025e160ad100, 0x0000025e160af860,
0x0000025e160af1d0, 0x0000025e160aeb40, 0x0000025e160b0580, 0x0000025e160ad790,
0x0000025e160ade20, 0x0000025e160aa9a0, 0x0000025e160b0c10, 0x0000025e160b12a0,
0x0000025e160b1930, 0x0000025e160b1fc0, 0x0000025e160ab030, 0x0000025e160b2650,
0x0000025e160b4db0, 0x0000025e160b5440, 0x0000025e160b6e80, 0x0000025e160b8230,
0x0000025e160b4090, 0x0000025e160b88c0, 0x0000025e160b8f50, 0x0000025e160b6160,
0x0000025e1b23e7e0, 0x0000025e1b2415d0, 0x0000025e1b242980, 0x0000025e1b245e00,
0x0000025e1b243010, 0x0000025e1b243d30, 0x0000025e1b241c60, 0x0000025e1b240f40,
0x0000025e1b2422f0, 0x0000025e1b244a50, 0x0000025e1b2450e0, 0x0000025e1b245770,
0x0000025e1b23f500, 0x0000025e1ad34880, 0x0000025e1602eaf0, 0x0000025e160353f0,
0x0000025e1602fea0, 0x0000025e1602f180, 0x0000025e160339b0, 0x0000025e160346d0,
0x0000025e1602f810, 0x0000025e16030530, 0x0000025e16032600, 0x0000025e16032c90,
0x0000025e16034040, 0x0000025e21fe3810, 0x0000025e21fe86d0, 0x0000025e21fe58e0,
0x0000025e21fe3ea0, 0x0000025e21fe5f70, 0x0000025e21fe4530, 0x0000025e21fe79b0,
0x0000025e21fe5250, 0x0000025e21fe6600, 0x0000025e21fddc30, 0x0000025e21fdc880,
0x0000025e21fde2c0, 0x0000025e21fde950, 0x0000025e21fdf670, 0x0000025e21fe0390,
0x0000025e21fdbb60, 0x0000025e21fe0a20, 0x0000025e21fe8040, 0x0000025e21fe10b0,
0x0000025e21fe1740
}

Java Threads: ( => current thread )
  0x0000025e79436520 JavaThread "main"                              [_thread_blocked, id=11672, stack(0x0000007d41000000,0x0000007d41100000) (1024K)]
  0x0000025e7f67b6a0 JavaThread "Common-Cleaner"             daemon [_thread_blocked, id=2356, stack(0x0000007d41800000,0x0000007d41900000) (1024K)]
  0x0000025e7f689470 JavaThread "Reference Handler"          daemon [_thread_blocked, id=18744, stack(0x0000007d41900000,0x0000007d41a00000) (1024K)]
  0x0000025e7f689ed0 JavaThread "Finalizer"                  daemon [_thread_blocked, id=18748, stack(0x0000007d41a00000,0x0000007d41b00000) (1024K)]
  0x0000025e7f696e10 JavaThread "Signal Dispatcher"          daemon [_thread_blocked, id=5808, stack(0x0000007d41b00000,0x0000007d41c00000) (1024K)]
  0x0000025e7f697870 JavaThread "Attach Listener"            daemon [_thread_blocked, id=10828, stack(0x0000007d41c00000,0x0000007d41d00000) (1024K)]
  0x0000025e7f6986e0 JavaThread "Service Thread"             daemon [_thread_blocked, id=16912, stack(0x0000007d41d00000,0x0000007d41e00000) (1024K)]
  0x0000025e7f69b150 JavaThread "Monitor Deflation Thread"   daemon [_thread_blocked, id=18900, stack(0x0000007d41e00000,0x0000007d41f00000) (1024K)]
  0x0000025e76fe6c70 JavaThread "C2 CompilerThread0"         daemon [_thread_blocked, id=18740, stack(0x0000007d41f00000,0x0000007d42000000) (1024K)]
  0x0000025e76fe7a10 JavaThread "C1 CompilerThread0"         daemon [_thread_blocked, id=4336, stack(0x0000007d42000000,0x0000007d42100000) (1024K)]
  0x0000025e150bfef0 JavaThread "Notification Thread"        daemon [_thread_blocked, id=8012, stack(0x0000007d42100000,0x0000007d42200000) (1024K)]
  0x0000025e16b14790 JavaThread "Daemon health stats"               [_thread_blocked, id=5820, stack(0x0000007d42900000,0x0000007d42a00000) (1024K)]
  0x0000025e169e2e20 JavaThread "Incoming local TCP Connector on port 64489"        [_thread_in_native, id=18872, stack(0x0000007d42d00000,0x0000007d42e00000) (1024K)]
  0x0000025e16a607b0 JavaThread "Daemon periodic checks"            [_thread_blocked, id=19280, stack(0x0000007d42e00000,0x0000007d42f00000) (1024K)]
  0x0000025e16bdede0 JavaThread "Cache worker for journal cache (C:\Users\ASIS\.gradle\caches\journal-1)"        [_thread_blocked, id=17468, stack(0x0000007d43900000,0x0000007d43a00000) (1024K)]
  0x0000025e16bde0c0 JavaThread "File lock request listener"        [_thread_in_native, id=16736, stack(0x0000007d43a00000,0x0000007d43b00000) (1024K)]
  0x0000025e16bde750 JavaThread "Cache worker for file hash cache (C:\Users\ASIS\.gradle\caches\8.13\fileHashes)"        [_thread_blocked, id=9104, stack(0x0000007d43b00000,0x0000007d43c00000) (1024K)]
  0x0000025e175a9b70 JavaThread "File watcher server"        daemon [_thread_in_native, id=10380, stack(0x0000007d43e00000,0x0000007d43f00000) (1024K)]
  0x0000025e175aa200 JavaThread "File watcher consumer"      daemon [_thread_blocked, id=2152, stack(0x0000007d43f00000,0x0000007d44000000) (1024K)]
  0x0000025e175a8e50 JavaThread "jar transforms"                    [_thread_blocked, id=19208, stack(0x0000007d44000000,0x0000007d44100000) (1024K)]
  0x0000025e175aa890 JavaThread "jar transforms Thread 2"           [_thread_blocked, id=18148, stack(0x0000007d44100000,0x0000007d44200000) (1024K)]
  0x0000025e175ac2d0 JavaThread "Cache worker for file content cache (C:\Users\ASIS\.gradle\caches\8.13\fileContent)"        [_thread_blocked, id=1616, stack(0x0000007d44300000,0x0000007d44400000) (1024K)]
  0x0000025e196698b0 JavaThread "jar transforms Thread 3"           [_thread_blocked, id=19100, stack(0x0000007d44400000,0x0000007d44500000) (1024K)]
  0x0000025e1966a5d0 JavaThread "jar transforms Thread 4"           [_thread_blocked, id=6140, stack(0x0000007d44f00000,0x0000007d45000000) (1024K)]
  0x0000025e1966ac60 JavaThread "jar transforms Thread 5"           [_thread_blocked, id=19220, stack(0x0000007d45000000,0x0000007d45100000) (1024K)]
  0x0000025e187bb7f0 JavaThread "jar transforms Thread 6"           [_thread_blocked, id=8372, stack(0x0000007d45500000,0x0000007d45600000) (1024K)]
  0x0000025e187bc510 JavaThread "jar transforms Thread 7"           [_thread_blocked, id=5164, stack(0x0000007d45600000,0x0000007d45700000) (1024K)]
  0x0000025e187bcba0 JavaThread "jar transforms Thread 8"           [_thread_blocked, id=19312, stack(0x0000007d45700000,0x0000007d45800000) (1024K)]
  0x0000025e187bd230 JavaThread "jar transforms Thread 9"           [_thread_blocked, id=3336, stack(0x0000007d45800000,0x0000007d45900000) (1024K)]
  0x0000025e187baad0 JavaThread "jar transforms Thread 10"          [_thread_blocked, id=14796, stack(0x0000007d45900000,0x0000007d45a00000) (1024K)]
  0x0000025e187bb160 JavaThread "jar transforms Thread 11"          [_thread_blocked, id=9772, stack(0x0000007d45a00000,0x0000007d45b00000) (1024K)]
  0x0000025e18675e60 JavaThread "jar transforms Thread 12"          [_thread_blocked, id=19692, stack(0x0000007d47c00000,0x0000007d47d00000) (1024K)]
  0x0000025e18673d90 JavaThread "Memory manager"                    [_thread_blocked, id=19876, stack(0x0000007d42200000,0x0000007d42300000) (1024K)]
  0x0000025e21ad1c70 JavaThread "Daemon Thread 5"                   [_thread_blocked, id=25608, stack(0x0000007d40d00000,0x0000007d40e00000) (1024K)]
  0x0000025e21ad6b30 JavaThread "Handler for socket connection from /127.0.0.1:64489 to /127.0.0.1:56341"        [_thread_in_native, id=6436, stack(0x0000007d40e00000,0x0000007d40f00000) (1024K)]
  0x0000025e21ad4a60 JavaThread "Cancel handler"                    [_thread_blocked, id=17316, stack(0x0000007d40f00000,0x0000007d41000000) (1024K)]
  0x0000025e21ad43d0 JavaThread "Daemon worker Thread 5"            [_thread_blocked, id=16236, stack(0x0000007d42300000,0x0000007d42400000) (1024K)]
  0x0000025e21ad08c0 JavaThread "Asynchronous log dispatcher for DefaultDaemonConnection: socket connection from /127.0.0.1:64489 to /127.0.0.1:56341"        [_thread_blocked, id=15356, stack(0x0000007d42f00000,0x0000007d43000000) (1024K)]
  0x0000025e21ad36b0 JavaThread "Stdin handler"                     [_thread_blocked, id=21736, stack(0x0000007d43000000,0x0000007d43100000) (1024K)]
  0x0000025e21ad0f50 JavaThread "Daemon client event forwarder"        [_thread_blocked, id=25740, stack(0x0000007d43100000,0x0000007d43200000) (1024K)]
  0x0000025e21ad3020 JavaThread "Cache worker for file hash cache (C:\Users\ASIS\AndroidStudioProjects\AegisNet\ThesisProj\.gradle\8.13\fileHashes)"        [_thread_blocked, id=10868, stack(0x0000007d43200000,0x0000007d43300000) (1024K)]
  0x0000025e21ad2300 JavaThread "Cache worker for Build Output Cleanup Cache (C:\Users\ASIS\AndroidStudioProjects\AegisNet\ThesisProj\.gradle\buildOutputCleanup)"        [_thread_blocked, id=21120, stack(0x0000007d43300000,0x0000007d43400000) (1024K)]
  0x0000025e21ad5780 JavaThread "Cache worker for checksums cache (C:\Users\ASIS\AndroidStudioProjects\AegisNet\ThesisProj\.gradle\8.13\checksums)"        [_thread_blocked, id=18888, stack(0x0000007d43400000,0x0000007d43500000) (1024K)]
  0x0000025e21ad15e0 JavaThread "Cache worker for cache directory md-supplier (C:\Users\ASIS\.gradle\caches\8.13\md-supplier)"        [_thread_blocked, id=25264, stack(0x0000007d43500000,0x0000007d43600000) (1024K)]
  0x0000025e21ad50f0 JavaThread "Cache worker for cache directory md-rule (C:\Users\ASIS\.gradle\caches\8.13\md-rule)"        [_thread_blocked, id=20832, stack(0x0000007d43c00000,0x0000007d43d00000) (1024K)]
  0x0000025e21ad5e10 JavaThread "Unconstrained build operations"        [_thread_blocked, id=13668, stack(0x0000007d43d00000,0x0000007d43e00000) (1024K)]
  0x0000025e21ad64a0 JavaThread "Unconstrained build operations Thread 2"        [_thread_blocked, id=18540, stack(0x0000007d44200000,0x0000007d44300000) (1024K)]
  0x0000025e21ad71c0 JavaThread "Unconstrained build operations Thread 3"        [_thread_blocked, id=16980, stack(0x0000007d44500000,0x0000007d44600000) (1024K)]
  0x0000025e21ad0230 JavaThread "Unconstrained build operations Thread 4"        [_thread_blocked, id=1696, stack(0x0000007d44600000,0x0000007d44700000) (1024K)]
  0x0000025e21add430 JavaThread "Unconstrained build operations Thread 5"        [_thread_blocked, id=10084, stack(0x0000007d44700000,0x0000007d44800000) (1024K)]
  0x0000025e21adc710 JavaThread "Unconstrained build operations Thread 6"        [_thread_blocked, id=15964, stack(0x0000007d44800000,0x0000007d44900000) (1024K)]
  0x0000025e21ad9fb0 JavaThread "Unconstrained build operations Thread 7"        [_thread_blocked, id=8436, stack(0x0000007d44900000,0x0000007d44a00000) (1024K)]
  0x0000025e21adb9f0 JavaThread "Unconstrained build operations Thread 8"        [_thread_blocked, id=14440, stack(0x0000007d44a00000,0x0000007d44b00000) (1024K)]
  0x0000025e21addac0 JavaThread "Unconstrained build operations Thread 9"        [_thread_blocked, id=13976, stack(0x0000007d44c00000,0x0000007d44d00000) (1024K)]
  0x0000025e21ad9920 JavaThread "Unconstrained build operations Thread 10"        [_thread_blocked, id=12692, stack(0x0000007d44d00000,0x0000007d44e00000) (1024K)]
  0x0000025e21ad7850 JavaThread "Unconstrained build operations Thread 11"        [_thread_blocked, id=3164, stack(0x0000007d44e00000,0x0000007d44f00000) (1024K)]
  0x0000025e21adc080 JavaThread "Unconstrained build operations Thread 12"        [_thread_blocked, id=14648, stack(0x0000007d45100000,0x0000007d45200000) (1024K)]
  0x0000025e21ad7ee0 JavaThread "Unconstrained build operations Thread 13"        [_thread_blocked, id=17128, stack(0x0000007d45200000,0x0000007d45300000) (1024K)]
  0x0000025e21adee70 JavaThread "Unconstrained build operations Thread 14"        [_thread_blocked, id=25828, stack(0x0000007d45300000,0x0000007d45400000) (1024K)]
  0x0000025e21ad8570 JavaThread "Unconstrained build operations Thread 15"        [_thread_blocked, id=23516, stack(0x0000007d45400000,0x0000007d45500000) (1024K)]
  0x0000025e21ad8c00 JavaThread "Unconstrained build operations Thread 16"        [_thread_blocked, id=19364, stack(0x0000007d45b00000,0x0000007d45c00000) (1024K)]
  0x0000025e21ada640 JavaThread "Unconstrained build operations Thread 17"        [_thread_blocked, id=12672, stack(0x0000007d45c00000,0x0000007d45d00000) (1024K)]
  0x0000025e21adacd0 JavaThread "Unconstrained build operations Thread 18"        [_thread_blocked, id=24428, stack(0x0000007d45d00000,0x0000007d45e00000) (1024K)]
  0x0000025e20df6bd0 JavaThread "Unconstrained build operations Thread 19"        [_thread_blocked, id=22500, stack(0x0000007d45e00000,0x0000007d45f00000) (1024K)]
  0x0000025e20df3de0 JavaThread "Unconstrained build operations Thread 20"        [_thread_blocked, id=20744, stack(0x0000007d45f00000,0x0000007d46000000) (1024K)]
  0x0000025e20df0960 JavaThread "Unconstrained build operations Thread 21"        [_thread_blocked, id=8172, stack(0x0000007d46000000,0x0000007d46100000) (1024K)]
  0x0000025e20df4470 JavaThread "Unconstrained build operations Thread 22"        [_thread_blocked, id=6644, stack(0x0000007d46100000,0x0000007d46200000) (1024K)]
  0x0000025e20df02d0 JavaThread "Unconstrained build operations Thread 23"        [_thread_blocked, id=21076, stack(0x0000007d46200000,0x0000007d46300000) (1024K)]
  0x0000025e20df1680 JavaThread "Unconstrained build operations Thread 24"        [_thread_blocked, id=1084, stack(0x0000007d46300000,0x0000007d46400000) (1024K)]
  0x0000025e20df6540 JavaThread "Unconstrained build operations Thread 25"        [_thread_blocked, id=23000, stack(0x0000007d46400000,0x0000007d46500000) (1024K)]
  0x0000025e20df23a0 JavaThread "Unconstrained build operations Thread 26"        [_thread_blocked, id=13044, stack(0x0000007d46500000,0x0000007d46600000) (1024K)]
  0x0000025e20defc40 JavaThread "Unconstrained build operations Thread 27"        [_thread_blocked, id=25492, stack(0x0000007d46600000,0x0000007d46700000) (1024K)]
  0x0000025e20df7f80 JavaThread "Unconstrained build operations Thread 28"        [_thread_blocked, id=20912, stack(0x0000007d46700000,0x0000007d46800000) (1024K)]
  0x0000025e20df2a30 JavaThread "Unconstrained build operations Thread 29"        [_thread_blocked, id=24132, stack(0x0000007d46800000,0x0000007d46900000) (1024K)]
  0x0000025e20df4b00 JavaThread "Unconstrained build operations Thread 30"        [_thread_blocked, id=10104, stack(0x0000007d46900000,0x0000007d46a00000) (1024K)]
  0x0000025e20df7260 JavaThread "build event listener"              [_thread_blocked, id=9288, stack(0x0000007d46a00000,0x0000007d46b00000) (1024K)]
  0x0000025e20df0ff0 JavaThread "build event listener"              [_thread_blocked, id=3124, stack(0x0000007d46b00000,0x0000007d46c00000) (1024K)]
  0x0000025e20df30c0 JavaThread "Problems report writer"            [_thread_blocked, id=19628, stack(0x0000007d46c00000,0x0000007d46d00000) (1024K)]
  0x0000025e20df78f0 JavaThread "included builds"                   [_thread_blocked, id=25884, stack(0x0000007d46d00000,0x0000007d46e00000) (1024K)]
  0x0000025e20df8610 JavaThread "Execution worker"                  [_thread_blocked, id=24912, stack(0x0000007d46e00000,0x0000007d46f00000) (1024K)]
  0x0000025e20df3750 JavaThread "Execution worker Thread 2"         [_thread_blocked, id=22024, stack(0x0000007d46f00000,0x0000007d47000000) (1024K)]
  0x0000025e20df5190 JavaThread "Execution worker Thread 3"         [_thread_blocked, id=24236, stack(0x0000007d47000000,0x0000007d47100000) (1024K)]
  0x0000025e20df5820 JavaThread "Execution worker Thread 4"         [_thread_blocked, id=26256, stack(0x0000007d47100000,0x0000007d47200000) (1024K)]
  0x0000025e20df8ca0 JavaThread "Cache worker for execution history cache (C:\Users\ASIS\AndroidStudioProjects\AegisNet\ThesisProj\.gradle\8.13\executionHistory)"        [_thread_blocked, id=25056, stack(0x0000007d47200000,0x0000007d47300000) (1024K)]
  0x0000025e20df1d10 JavaThread "Execution worker Thread 5"         [_thread_blocked, id=768, stack(0x0000007d47300000,0x0000007d47400000) (1024K)]
  0x0000025e20dfad70 JavaThread "Execution worker Thread 6"         [_thread_blocked, id=10028, stack(0x0000007d47400000,0x0000007d47500000) (1024K)]
  0x0000025e20dfb400 JavaThread "Execution worker Thread 7"         [_thread_blocked, id=2484, stack(0x0000007d47500000,0x0000007d47600000) (1024K)]
  0x0000025e20dfe1f0 JavaThread "Execution worker Thread 8"         [_thread_blocked, id=16288, stack(0x0000007d47600000,0x0000007d47700000) (1024K)]
  0x0000025e20dfba90 JavaThread "Execution worker Thread 9"         [_thread_blocked, id=15956, stack(0x0000007d47700000,0x0000007d47800000) (1024K)]
  0x0000025e20dfd4d0 JavaThread "Execution worker Thread 10"        [_thread_blocked, id=25380, stack(0x0000007d47800000,0x0000007d47900000) (1024K)]
  0x0000025e20dfc120 JavaThread "Execution worker Thread 11"        [_thread_blocked, id=2476, stack(0x0000007d47900000,0x0000007d47a00000) (1024K)]
  0x0000025e20dfc7b0 JavaThread "Unconstrained build operations Thread 31"        [_thread_blocked, id=18284, stack(0x0000007d47a00000,0x0000007d47b00000) (1024K)]
  0x0000025e20df9330 JavaThread "Unconstrained build operations Thread 32"        [_thread_blocked, id=19132, stack(0x0000007d47b00000,0x0000007d47c00000) (1024K)]
  0x0000025e20df99c0 JavaThread "Unconstrained build operations Thread 33"        [_thread_blocked, id=13608, stack(0x0000007d47d00000,0x0000007d47e00000) (1024K)]
  0x0000025e20dfce40 JavaThread "Unconstrained build operations Thread 34"        [_thread_blocked, id=6532, stack(0x0000007d47e00000,0x0000007d47f00000) (1024K)]
  0x0000025e20dfe880 JavaThread "Unconstrained build operations Thread 35"        [_thread_blocked, id=20848, stack(0x0000007d47f00000,0x0000007d48000000) (1024K)]
  0x0000025e20dfef10 JavaThread "Unconstrained build operations Thread 36"        [_thread_blocked, id=1760, stack(0x0000007d48000000,0x0000007d48100000) (1024K)]
  0x0000025e20dfa050 JavaThread "Unconstrained build operations Thread 37"        [_thread_blocked, id=8404, stack(0x0000007d48100000,0x0000007d48200000) (1024K)]
  0x0000025e20dfa6e0 JavaThread "Unconstrained build operations Thread 38"        [_thread_blocked, id=12504, stack(0x0000007d48200000,0x0000007d48300000) (1024K)]
  0x0000025e20dfdb60 JavaThread "Unconstrained build operations Thread 39"        [_thread_blocked, id=19992, stack(0x0000007d48300000,0x0000007d48400000) (1024K)]
  0x0000025e160aa310 JavaThread "Unconstrained build operations Thread 40"        [_thread_blocked, id=16908, stack(0x0000007d48400000,0x0000007d48500000) (1024K)]
  0x0000025e160aca70 JavaThread "Unconstrained build operations Thread 41"        [_thread_blocked, id=6284, stack(0x0000007d48500000,0x0000007d48600000) (1024K)]
  0x0000025e160ad100 JavaThread "WorkerExecutor Queue"              [_thread_blocked, id=22876, stack(0x0000007d48600000,0x0000007d48700000) (1024K)]
  0x0000025e160af860 JavaThread "Unconstrained build operations Thread 42"        [_thread_blocked, id=13244, stack(0x0000007d48700000,0x0000007d48800000) (1024K)]
  0x0000025e160af1d0 JavaThread "Unconstrained build operations Thread 43"        [_thread_blocked, id=3144, stack(0x0000007d48800000,0x0000007d48900000) (1024K)]
  0x0000025e160aeb40 JavaThread "Unconstrained build operations Thread 44"        [_thread_blocked, id=18104, stack(0x0000007d48900000,0x0000007d48a00000) (1024K)]
  0x0000025e160b0580 JavaThread "Unconstrained build operations Thread 45"        [_thread_blocked, id=16296, stack(0x0000007d48a00000,0x0000007d48b00000) (1024K)]
  0x0000025e160ad790 JavaThread "Unconstrained build operations Thread 46"        [_thread_blocked, id=25896, stack(0x0000007d48b00000,0x0000007d48c00000) (1024K)]
  0x0000025e160ade20 JavaThread "Unconstrained build operations Thread 47"        [_thread_blocked, id=25224, stack(0x0000007d48c00000,0x0000007d48d00000) (1024K)]
  0x0000025e160aa9a0 JavaThread "Unconstrained build operations Thread 48"        [_thread_blocked, id=22108, stack(0x0000007d48d00000,0x0000007d48e00000) (1024K)]
  0x0000025e160b0c10 JavaThread "Unconstrained build operations Thread 49"        [_thread_blocked, id=26404, stack(0x0000007d48e00000,0x0000007d48f00000) (1024K)]
  0x0000025e160b12a0 JavaThread "Unconstrained build operations Thread 50"        [_thread_blocked, id=16136, stack(0x0000007d48f00000,0x0000007d49000000) (1024K)]
  0x0000025e160b1930 JavaThread "Unconstrained build operations Thread 51"        [_thread_blocked, id=14748, stack(0x0000007d49000000,0x0000007d49100000) (1024K)]
  0x0000025e160b1fc0 JavaThread "Unconstrained build operations Thread 52"        [_thread_blocked, id=21000, stack(0x0000007d49100000,0x0000007d49200000) (1024K)]
  0x0000025e160ab030 JavaThread "Unconstrained build operations Thread 53"        [_thread_blocked, id=25788, stack(0x0000007d49200000,0x0000007d49300000) (1024K)]
  0x0000025e160b2650 JavaThread "WorkerExecutor Queue Thread 2"        [_thread_blocked, id=9396, stack(0x0000007d49300000,0x0000007d49400000) (1024K)]
  0x0000025e160b4db0 JavaThread "pool-10-thread-1"                  [_thread_blocked, id=21840, stack(0x0000007d49400000,0x0000007d49500000) (1024K)]
  0x0000025e160b5440 JavaThread "stderr"                            [_thread_in_native, id=9236, stack(0x0000007d44b00000,0x0000007d44c00000) (1024K)]
  0x0000025e160b6e80 JavaThread "stdout"                            [_thread_in_native, id=18904, stack(0x0000007d49500000,0x0000007d49600000) (1024K)]
  0x0000025e160b8230 JavaThread "Unconstrained build operations Thread 54"        [_thread_blocked, id=26024, stack(0x0000007d49800000,0x0000007d49900000) (1024K)]
  0x0000025e160b4090 JavaThread "Unconstrained build operations Thread 55"        [_thread_blocked, id=16304, stack(0x0000007d49900000,0x0000007d49a00000) (1024K)]
  0x0000025e160b88c0 JavaThread "Unconstrained build operations Thread 56"        [_thread_blocked, id=14416, stack(0x0000007d49a00000,0x0000007d49b00000) (1024K)]
  0x0000025e160b8f50 JavaThread "Unconstrained build operations Thread 57"        [_thread_blocked, id=4796, stack(0x0000007d49b00000,0x0000007d49c00000) (1024K)]
  0x0000025e160b6160 JavaThread "Unconstrained build operations Thread 58"        [_thread_blocked, id=17088, stack(0x0000007d49c00000,0x0000007d49d00000) (1024K)]
  0x0000025e1b23e7e0 JavaThread "Unconstrained build operations Thread 59"        [_thread_blocked, id=20516, stack(0x0000007d49d00000,0x0000007d49e00000) (1024K)]
  0x0000025e1b2415d0 JavaThread "Unconstrained build operations Thread 60"        [_thread_blocked, id=11556, stack(0x0000007d49e00000,0x0000007d49f00000) (1024K)]
  0x0000025e1b242980 JavaThread "Unconstrained build operations Thread 61"        [_thread_blocked, id=19168, stack(0x0000007d49f00000,0x0000007d4a000000) (1024K)]
  0x0000025e1b245e00 JavaThread "Unconstrained build operations Thread 62"        [_thread_blocked, id=11884, stack(0x0000007d4a000000,0x0000007d4a100000) (1024K)]
  0x0000025e1b243010 JavaThread "Unconstrained build operations Thread 63"        [_thread_blocked, id=9588, stack(0x0000007d4a100000,0x0000007d4a200000) (1024K)]
  0x0000025e1b243d30 JavaThread "Unconstrained build operations Thread 64"        [_thread_blocked, id=10352, stack(0x0000007d4a200000,0x0000007d4a300000) (1024K)]
  0x0000025e1b241c60 JavaThread "WorkerExecutor Queue Thread 3"        [_thread_blocked, id=23844, stack(0x0000007d4a300000,0x0000007d4a400000) (1024K)]
  0x0000025e1b240f40 JavaThread "RMI Scheduler(0)"           daemon [_thread_blocked, id=25812, stack(0x0000007d49600000,0x0000007d49700000) (1024K)]
  0x0000025e1b2422f0 JavaThread "RMI GC Daemon"              daemon [_thread_blocked, id=24424, stack(0x0000007d4a400000,0x0000007d4a500000) (1024K)]
  0x0000025e1b244a50 JavaThread "RMI TCP Accept-0"           daemon [_thread_in_native, id=20540, stack(0x0000007d4a600000,0x0000007d4a700000) (1024K)]
  0x0000025e1b2450e0 JavaThread "RMI Reaper"                        [_thread_blocked, id=23464, stack(0x0000007d4a700000,0x0000007d4a800000) (1024K)]
  0x0000025e1b245770 JavaThread "RMI TCP Connection(1)-127.0.0.1" daemon [_thread_in_native, id=6520, stack(0x0000007d4a800000,0x0000007d4a900000) (1024K)]
  0x0000025e1b23f500 JavaThread "Cache worker for Java compile cache (C:\Users\ASIS\.gradle\caches\8.13\javaCompile)"        [_thread_blocked, id=9972, stack(0x0000007d4a500000,0x0000007d4a600000) (1024K)]
  0x0000025e1ad34880 JavaThread "C2 CompilerThread1"         daemon [_thread_blocked, id=20000, stack(0x0000007d4a900000,0x0000007d4aa00000) (1024K)]
  0x0000025e1602eaf0 JavaThread "Build operations"                  [_thread_blocked, id=26444, stack(0x0000007d4aa00000,0x0000007d4ab00000) (1024K)]
  0x0000025e160353f0 JavaThread "Build operations Thread 2"         [_thread_blocked, id=22292, stack(0x0000007d4ab00000,0x0000007d4ac00000) (1024K)]
  0x0000025e1602fea0 JavaThread "Build operations Thread 3"         [_thread_blocked, id=22980, stack(0x0000007d4ac00000,0x0000007d4ad00000) (1024K)]
  0x0000025e1602f180 JavaThread "Build operations Thread 4"         [_thread_blocked, id=23744, stack(0x0000007d4ad00000,0x0000007d4ae00000) (1024K)]
  0x0000025e160339b0 JavaThread "Build operations Thread 5"         [_thread_blocked, id=4296, stack(0x0000007d4ae00000,0x0000007d4af00000) (1024K)]
  0x0000025e160346d0 JavaThread "Build operations Thread 6"         [_thread_blocked, id=24696, stack(0x0000007d4af00000,0x0000007d4b000000) (1024K)]
  0x0000025e1602f810 JavaThread "Build operations Thread 7"         [_thread_blocked, id=24408, stack(0x0000007d4b000000,0x0000007d4b100000) (1024K)]
  0x0000025e16030530 JavaThread "Build operations Thread 8"         [_thread_blocked, id=10196, stack(0x0000007d4b100000,0x0000007d4b200000) (1024K)]
  0x0000025e16032600 JavaThread "Build operations Thread 9"         [_thread_blocked, id=6544, stack(0x0000007d4b200000,0x0000007d4b300000) (1024K)]
  0x0000025e16032c90 JavaThread "Build operations Thread 10"        [_thread_blocked, id=22660, stack(0x0000007d4b300000,0x0000007d4b400000) (1024K)]
  0x0000025e16034040 JavaThread "Build operations Thread 11"        [_thread_blocked, id=7724, stack(0x0000007d4b400000,0x0000007d4b500000) (1024K)]
  0x0000025e21fe3810 JavaThread "WorkerExecutor Queue Thread 4"        [_thread_blocked, id=24168, stack(0x0000007d49700000,0x0000007d49800000) (1024K)]
  0x0000025e21fe86d0 JavaThread "WorkerExecutor Queue Thread 5"        [_thread_blocked, id=24384, stack(0x0000007d4b500000,0x0000007d4b600000) (1024K)]
  0x0000025e21fe58e0 JavaThread "WorkerExecutor Queue Thread 6"        [_thread_blocked, id=6488, stack(0x0000007d4b600000,0x0000007d4b700000) (1024K)]
  0x0000025e21fe3ea0 JavaThread "WorkerExecutor Queue Thread 7"        [_thread_blocked, id=2788, stack(0x0000007d4b700000,0x0000007d4b800000) (1024K)]
  0x0000025e21fe5f70 JavaThread "WorkerExecutor Queue Thread 8"        [_thread_blocked, id=23632, stack(0x0000007d4b800000,0x0000007d4b900000) (1024K)]
  0x0000025e21fe4530 JavaThread "WorkerExecutor Queue Thread 9"        [_thread_blocked, id=21188, stack(0x0000007d4b900000,0x0000007d4ba00000) (1024K)]
  0x0000025e21fe79b0 JavaThread "WorkerExecutor Queue Thread 10"        [_thread_blocked, id=25564, stack(0x0000007d4ba00000,0x0000007d4bb00000) (1024K)]
  0x0000025e21fe5250 JavaThread "WorkerExecutor Queue Thread 11"        [_thread_blocked, id=10852, stack(0x0000007d4bb00000,0x0000007d4bc00000) (1024K)]
  0x0000025e21fe6600 JavaThread "WorkerExecutor Queue Thread 12"        [_thread_blocked, id=23640, stack(0x0000007d4bc00000,0x0000007d4bd00000) (1024K)]
  0x0000025e21fddc30 JavaThread "ForkJoinPool.commonPool-worker-12" daemon [_thread_blocked, id=18960, stack(0x0000007d4bd00000,0x0000007d4be00000) (1024K)]
  0x0000025e21fdc880 JavaThread "ForkJoinPool.commonPool-worker-13" daemon [_thread_blocked, id=26116, stack(0x0000007d4be00000,0x0000007d4bf00000) (1024K)]
  0x0000025e21fde2c0 JavaThread "ForkJoinPool.commonPool-worker-14" daemon [_thread_blocked, id=26200, stack(0x0000007d4bf00000,0x0000007d4c000000) (1024K)]
=>0x0000025e21fde950 JavaThread "ForkJoinPool.commonPool-worker-15" daemon [_thread_in_vm, id=2344, stack(0x0000007d4c000000,0x0000007d4c100000) (1024K)]
  0x0000025e21fdf670 JavaThread "ForkJoinPool.commonPool-worker-16" daemon [_thread_blocked, id=15756, stack(0x0000007d4c100000,0x0000007d4c200000) (1024K)]
  0x0000025e21fe0390 JavaThread "ForkJoinPool.commonPool-worker-17" daemon [_thread_blocked, id=14988, stack(0x0000007d4c200000,0x0000007d4c300000) (1024K)]
  0x0000025e21fdbb60 JavaThread "ForkJoinPool.commonPool-worker-18" daemon [_thread_blocked, id=16468, stack(0x0000007d4c300000,0x0000007d4c400000) (1024K)]
  0x0000025e21fe0a20 JavaThread "ForkJoinPool.commonPool-worker-19" daemon [_thread_blocked, id=22744, stack(0x0000007d4c400000,0x0000007d4c500000) (1024K)]
  0x0000025e21fe8040 JavaThread "ForkJoinPool.commonPool-worker-20" daemon [_thread_blocked, id=26464, stack(0x0000007d4c500000,0x0000007d4c600000) (1024K)]
  0x0000025e21fe10b0 JavaThread "ForkJoinPool.commonPool-worker-21" daemon [_thread_blocked, id=14516, stack(0x0000007d4c600000,0x0000007d4c700000) (1024K)]
  0x0000025e21fe1740 JavaThread "ForkJoinPool.commonPool-worker-22" daemon [_thread_blocked, id=12604, stack(0x0000007d4c700000,0x0000007d4c800000) (1024K)]
Total: 169

Other Threads:
  0x0000025e76fdd220 VMThread "VM Thread"                           [id=19440, stack(0x0000007d41700000,0x0000007d41800000) (1024K)]
  0x0000025e7f610b10 WatcherThread "VM Periodic Task Thread"        [id=11128, stack(0x0000007d41600000,0x0000007d41700000) (1024K)]
  0x0000025e76fdcae0 WorkerThread "GC Thread#0"                     [id=11832, stack(0x0000007d41100000,0x0000007d41200000) (1024K)]
  0x0000025e76fdd5c0 WorkerThread "GC Thread#1"                     [id=7436, stack(0x0000007d42400000,0x0000007d42500000) (1024K)]
  0x0000025e76fdbc60 WorkerThread "GC Thread#2"                     [id=13116, stack(0x0000007d42500000,0x0000007d42600000) (1024K)]
  0x0000025e76fdc740 WorkerThread "GC Thread#3"                     [id=1368, stack(0x0000007d42600000,0x0000007d42700000) (1024K)]
  0x0000025e1568a2e0 WorkerThread "GC Thread#4"                     [id=3944, stack(0x0000007d42700000,0x0000007d42800000) (1024K)]
  0x0000025e156885e0 WorkerThread "GC Thread#5"                     [id=19384, stack(0x0000007d42800000,0x0000007d42900000) (1024K)]
  0x0000025e1568b500 WorkerThread "GC Thread#6"                     [id=16320, stack(0x0000007d42a00000,0x0000007d42b00000) (1024K)]
  0x0000025e15689f40 WorkerThread "GC Thread#7"                     [id=15588, stack(0x0000007d42b00000,0x0000007d42c00000) (1024K)]
  0x0000025e15687b00 WorkerThread "GC Thread#8"                     [id=18876, stack(0x0000007d42c00000,0x0000007d42d00000) (1024K)]
  0x0000025e15687ea0 WorkerThread "GC Thread#9"                     [id=11908, stack(0x0000007d43600000,0x0000007d43700000) (1024K)]
  0x0000025e7948c5e0 ConcurrentGCThread "G1 Main Marker"            [id=19360, stack(0x0000007d41200000,0x0000007d41300000) (1024K)]
  0x0000025e76fdc3a0 WorkerThread "G1 Conc#0"                       [id=3160, stack(0x0000007d41300000,0x0000007d41400000) (1024K)]
  0x0000025e15688d20 WorkerThread "G1 Conc#1"                       [id=15764, stack(0x0000007d43700000,0x0000007d43800000) (1024K)]
  0x0000025e1568aa20 WorkerThread "G1 Conc#2"                       [id=11436, stack(0x0000007d43800000,0x0000007d43900000) (1024K)]
  0x0000025e7f46aef0 ConcurrentGCThread "G1 Refine#0"               [id=15928, stack(0x0000007d41400000,0x0000007d41500000) (1024K)]
  0x0000025e7f46b810 ConcurrentGCThread "G1 Service"                [id=18928, stack(0x0000007d41500000,0x0000007d41600000) (1024K)]
Total: 18

Threads with active compile tasks:
Total: 0

VM state: not at safepoint (normal execution)

VM Mutex/Monitor currently owned by a thread:  ([mutex/lock_event])
[0x00007ffd72df86b8] Heap_lock - owner thread: 0x0000025e21fde950

Heap address: 0x00000000a0000000, size: 1536 MB, Compressed Oops mode: 32-bit

CDS archive(s) not mapped
Compressed class space mapped at: 0x0000000100000000-0x0000000140000000, reserved size: 1073741824
Narrow klass base: 0x0000000000000000, Narrow klass shift: 3, Narrow klass range: 0x140000000

GC Precious Log:
 CardTable entry size: 512
 Card Set container configuration: InlinePtr #cards 5 size 8 Array Of Cards #cards 12 size 40 Howl #buckets 4 coarsen threshold 1843 Howl Bitmap #cards 512 size 80 coarsen threshold 460 Card regions per heap region 1 cards per card region 2048
 CPUs: 12 total, 12 available
 Memory: 16310M
 Large Page Support: Disabled
 NUMA Support: Disabled
 Compressed Oops: Enabled (32-bit)
 Heap Region Size: 1M
 Heap Min Capacity: 8M
 Heap Initial Capacity: 256M
 Heap Max Capacity: 1536M
 Pre-touch: Disabled
 Parallel Workers: 10
 Concurrent Workers: 3
 Concurrent Refinement Workers: 10
 Periodic GC: Disabled

Heap:
 garbage-first heap   total 579584K, used 578115K [0x00000000a0000000, 0x0000000100000000)
  region size 1024K, 247 young (252928K), 22 survivors (22528K)
 Metaspace       used 163346K, committed 165056K, reserved 1245184K
  class space    used 22874K, committed 23680K, reserved 1048576K

Heap Regions: E=young(eden), S=young(survivor), O=old, HS=humongous(starts), HC=humongous(continues), CS=collection set, F=free, TAMS=top-at-mark-start, PB=parsable bottom
|   0|0x00000000a0000000, 0x00000000a0100000, 0x00000000a0100000|100%|HS|  |TAMS 0x00000000a0000000| PB 0x00000000a0000000| Complete 
|   1|0x00000000a0100000, 0x00000000a0200000, 0x00000000a0200000|100%|HC|  |TAMS 0x00000000a0100000| PB 0x00000000a0100000| Complete 
|   2|0x00000000a0200000, 0x00000000a0300000, 0x00000000a0300000|100%|HC|  |TAMS 0x00000000a0200000| PB 0x00000000a0200000| Complete 
|   3|0x00000000a0300000, 0x00000000a0400000, 0x00000000a0400000|100%| O|  |TAMS 0x00000000a0300000| PB 0x00000000a0300000| Untracked 
|   4|0x00000000a0400000, 0x00000000a0500000, 0x00000000a0500000|100%| O|  |TAMS 0x00000000a0400000| PB 0x00000000a0400000| Untracked 
|   5|0x00000000a0500000, 0x00000000a0600000, 0x00000000a0600000|100%| O|  |TAMS 0x00000000a0500000| PB 0x00000000a0500000| Untracked 
|   6|0x00000000a0600000, 0x00000000a0700000, 0x00000000a0700000|100%|HS|  |TAMS 0x00000000a0600000| PB 0x00000000a0600000| Complete 
|   7|0x00000000a0700000, 0x00000000a0800000, 0x00000000a0800000|100%| O|  |TAMS 0x00000000a0700000| PB 0x00000000a0700000| Untracked 
|   8|0x00000000a0800000, 0x00000000a0900000, 0x00000000a0900000|100%| O|  |TAMS 0x00000000a0800000| PB 0x00000000a0800000| Untracked 
|   9|0x00000000a0900000, 0x00000000a0a00000, 0x00000000a0a00000|100%| O|  |TAMS 0x00000000a0900000| PB 0x00000000a0900000| Untracked 
|  10|0x00000000a0a00000, 0x00000000a0b00000, 0x00000000a0b00000|100%| O|  |TAMS 0x00000000a0a00000| PB 0x00000000a0a00000| Untracked 
|  11|0x00000000a0b00000, 0x00000000a0c00000, 0x00000000a0c00000|100%| O|  |TAMS 0x00000000a0b00000| PB 0x00000000a0b00000| Untracked 
|  12|0x00000000a0c00000, 0x00000000a0d00000, 0x00000000a0d00000|100%| O|  |TAMS 0x00000000a0c00000| PB 0x00000000a0c00000| Untracked 
|  13|0x00000000a0d00000, 0x00000000a0e00000, 0x00000000a0e00000|100%| O|  |TAMS 0x00000000a0d00000| PB 0x00000000a0d00000| Untracked 
|  14|0x00000000a0e00000, 0x00000000a0f00000, 0x00000000a0f00000|100%| O|  |TAMS 0x00000000a0e00000| PB 0x00000000a0e00000| Untracked 
|  15|0x00000000a0f00000, 0x00000000a1000000, 0x00000000a1000000|100%| O|  |TAMS 0x00000000a0f00000| PB 0x00000000a0f00000| Untracked 
|  16|0x00000000a1000000, 0x00000000a1100000, 0x00000000a1100000|100%| O|  |TAMS 0x00000000a1000000| PB 0x00000000a1000000| Untracked 
|  17|0x00000000a1100000, 0x00000000a1200000, 0x00000000a1200000|100%| O|  |TAMS 0x00000000a1100000| PB 0x00000000a1100000| Untracked 
|  18|0x00000000a1200000, 0x00000000a1300000, 0x00000000a1300000|100%| O|  |TAMS 0x00000000a1200000| PB 0x00000000a1200000| Untracked 
|  19|0x00000000a1300000, 0x00000000a1400000, 0x00000000a1400000|100%| O|  |TAMS 0x00000000a1300000| PB 0x00000000a1300000| Untracked 
|  20|0x00000000a1400000, 0x00000000a1500000, 0x00000000a1500000|100%| O|  |TAMS 0x00000000a1400000| PB 0x00000000a1400000| Untracked 
|  21|0x00000000a1500000, 0x00000000a1600000, 0x00000000a1600000|100%| O|  |TAMS 0x00000000a1500000| PB 0x00000000a1500000| Untracked 
|  22|0x00000000a1600000, 0x00000000a1700000, 0x00000000a1700000|100%| O|  |TAMS 0x00000000a1600000| PB 0x00000000a1600000| Untracked 
|  23|0x00000000a1700000, 0x00000000a1800000, 0x00000000a1800000|100%| O|  |TAMS 0x00000000a1700000| PB 0x00000000a1700000| Untracked 
|  24|0x00000000a1800000, 0x00000000a1900000, 0x00000000a1900000|100%| O|  |TAMS 0x00000000a1800000| PB 0x00000000a1800000| Untracked 
|  25|0x00000000a1900000, 0x00000000a1a00000, 0x00000000a1a00000|100%| O|  |TAMS 0x00000000a1900000| PB 0x00000000a1900000| Untracked 
|  26|0x00000000a1a00000, 0x00000000a1b00000, 0x00000000a1b00000|100%| O|  |TAMS 0x00000000a1a00000| PB 0x00000000a1a00000| Untracked 
|  27|0x00000000a1b00000, 0x00000000a1c00000, 0x00000000a1c00000|100%| O|  |TAMS 0x00000000a1b00000| PB 0x00000000a1b00000| Untracked 
|  28|0x00000000a1c00000, 0x00000000a1d00000, 0x00000000a1d00000|100%| O|  |TAMS 0x00000000a1c00000| PB 0x00000000a1c00000| Untracked 
|  29|0x00000000a1d00000, 0x00000000a1e00000, 0x00000000a1e00000|100%| O|  |TAMS 0x00000000a1d00000| PB 0x00000000a1d00000| Untracked 
|  30|0x00000000a1e00000, 0x00000000a1f00000, 0x00000000a1f00000|100%| O|  |TAMS 0x00000000a1e00000| PB 0x00000000a1e00000| Untracked 
|  31|0x00000000a1f00000, 0x00000000a2000000, 0x00000000a2000000|100%| O|  |TAMS 0x00000000a1f00000| PB 0x00000000a1f00000| Untracked 
|  32|0x00000000a2000000, 0x00000000a2100000, 0x00000000a2100000|100%| O|  |TAMS 0x00000000a2000000| PB 0x00000000a2000000| Untracked 
|  33|0x00000000a2100000, 0x00000000a2200000, 0x00000000a2200000|100%| O|Cm|TAMS 0x00000000a2100000| PB 0x00000000a2100000| Complete 
|  34|0x00000000a2200000, 0x00000000a2300000, 0x00000000a2300000|100%| O|  |TAMS 0x00000000a2200000| PB 0x00000000a2200000| Untracked 
|  35|0x00000000a2300000, 0x00000000a2400000, 0x00000000a2400000|100%| O|  |TAMS 0x00000000a2300000| PB 0x00000000a2300000| Untracked 
|  36|0x00000000a2400000, 0x00000000a2500000, 0x00000000a2500000|100%| O|  |TAMS 0x00000000a2400000| PB 0x00000000a2400000| Untracked 
|  37|0x00000000a2500000, 0x00000000a2600000, 0x00000000a2600000|100%| O|  |TAMS 0x00000000a2500000| PB 0x00000000a2500000| Untracked 
|  38|0x00000000a2600000, 0x00000000a2700000, 0x00000000a2700000|100%| O|  |TAMS 0x00000000a2600000| PB 0x00000000a2600000| Untracked 
|  39|0x00000000a2700000, 0x00000000a2800000, 0x00000000a2800000|100%| O|  |TAMS 0x00000000a2700000| PB 0x00000000a2700000| Untracked 
|  40|0x00000000a2800000, 0x00000000a2900000, 0x00000000a2900000|100%| O|  |TAMS 0x00000000a2800000| PB 0x00000000a2800000| Untracked 
|  41|0x00000000a2900000, 0x00000000a2a00000, 0x00000000a2a00000|100%|HS|  |TAMS 0x00000000a2900000| PB 0x00000000a2900000| Complete 
|  42|0x00000000a2a00000, 0x00000000a2b00000, 0x00000000a2b00000|100%| O|Cm|TAMS 0x00000000a2a00000| PB 0x00000000a2a00000| Complete 
|  43|0x00000000a2b00000, 0x00000000a2c00000, 0x00000000a2c00000|100%| O|  |TAMS 0x00000000a2b00000| PB 0x00000000a2b00000| Untracked 
|  44|0x00000000a2c00000, 0x00000000a2d00000, 0x00000000a2d00000|100%| O|  |TAMS 0x00000000a2c00000| PB 0x00000000a2c00000| Untracked 
|  45|0x00000000a2d00000, 0x00000000a2e00000, 0x00000000a2e00000|100%| O|  |TAMS 0x00000000a2d00000| PB 0x00000000a2d00000| Untracked 
|  46|0x00000000a2e00000, 0x00000000a2f00000, 0x00000000a2f00000|100%| O|  |TAMS 0x00000000a2e00000| PB 0x00000000a2e00000| Untracked 
|  47|0x00000000a2f00000, 0x00000000a3000000, 0x00000000a3000000|100%|HS|  |TAMS 0x00000000a2f00000| PB 0x00000000a2f00000| Complete 
|  48|0x00000000a3000000, 0x00000000a3100000, 0x00000000a3100000|100%|HC|  |TAMS 0x00000000a3000000| PB 0x00000000a3000000| Complete 
|  49|0x00000000a3100000, 0x00000000a3200000, 0x00000000a3200000|100%|HS|  |TAMS 0x00000000a3100000| PB 0x00000000a3100000| Complete 
|  50|0x00000000a3200000, 0x00000000a3300000, 0x00000000a3300000|100%|HS|  |TAMS 0x00000000a3200000| PB 0x00000000a3200000| Complete 
|  51|0x00000000a3300000, 0x00000000a3400000, 0x00000000a3400000|100%|HS|  |TAMS 0x00000000a3300000| PB 0x00000000a3300000| Complete 
|  52|0x00000000a3400000, 0x00000000a3500000, 0x00000000a3500000|100%| O|  |TAMS 0x00000000a3400000| PB 0x00000000a3400000| Untracked 
|  53|0x00000000a3500000, 0x00000000a3600000, 0x00000000a3600000|100%|HS|  |TAMS 0x00000000a3500000| PB 0x00000000a3500000| Complete 
|  54|0x00000000a3600000, 0x00000000a3700000, 0x00000000a3700000|100%|HS|  |TAMS 0x00000000a3600000| PB 0x00000000a3600000| Complete 
|  55|0x00000000a3700000, 0x00000000a3800000, 0x00000000a3800000|100%| O|  |TAMS 0x00000000a3700000| PB 0x00000000a3700000| Untracked 
|  56|0x00000000a3800000, 0x00000000a3900000, 0x00000000a3900000|100%| O|  |TAMS 0x00000000a3800000| PB 0x00000000a3800000| Untracked 
|  57|0x00000000a3900000, 0x00000000a3a00000, 0x00000000a3a00000|100%| O|  |TAMS 0x00000000a3900000| PB 0x00000000a3900000| Untracked 
|  58|0x00000000a3a00000, 0x00000000a3b00000, 0x00000000a3b00000|100%| O|  |TAMS 0x00000000a3a00000| PB 0x00000000a3a00000| Untracked 
|  59|0x00000000a3b00000, 0x00000000a3c00000, 0x00000000a3c00000|100%| O|  |TAMS 0x00000000a3b00000| PB 0x00000000a3b00000| Untracked 
|  60|0x00000000a3c00000, 0x00000000a3d00000, 0x00000000a3d00000|100%| O|  |TAMS 0x00000000a3c00000| PB 0x00000000a3c00000| Untracked 
|  61|0x00000000a3d00000, 0x00000000a3e00000, 0x00000000a3e00000|100%| O|  |TAMS 0x00000000a3d00000| PB 0x00000000a3d00000| Untracked 
|  62|0x00000000a3e00000, 0x00000000a3f00000, 0x00000000a3f00000|100%| O|  |TAMS 0x00000000a3e00000| PB 0x00000000a3e00000| Untracked 
|  63|0x00000000a3f00000, 0x00000000a4000000, 0x00000000a4000000|100%| O|  |TAMS 0x00000000a3f00000| PB 0x00000000a3f00000| Untracked 
|  64|0x00000000a4000000, 0x00000000a4100000, 0x00000000a4100000|100%|HS|  |TAMS 0x00000000a4000000| PB 0x00000000a4000000| Complete 
|  65|0x00000000a4100000, 0x00000000a4200000, 0x00000000a4200000|100%| O|  |TAMS 0x00000000a4100000| PB 0x00000000a4100000| Untracked 
|  66|0x00000000a4200000, 0x00000000a4300000, 0x00000000a4300000|100%| O|  |TAMS 0x00000000a4200000| PB 0x00000000a4200000| Untracked 
|  67|0x00000000a4300000, 0x00000000a4400000, 0x00000000a4400000|100%| O|  |TAMS 0x00000000a4300000| PB 0x00000000a4300000| Untracked 
|  68|0x00000000a4400000, 0x00000000a4500000, 0x00000000a4500000|100%| O|  |TAMS 0x00000000a4400000| PB 0x00000000a4400000| Untracked 
|  69|0x00000000a4500000, 0x00000000a4600000, 0x00000000a4600000|100%|HS|  |TAMS 0x00000000a4500000| PB 0x00000000a4500000| Complete 
|  70|0x00000000a4600000, 0x00000000a4700000, 0x00000000a4700000|100%|HC|  |TAMS 0x00000000a4600000| PB 0x00000000a4600000| Complete 
|  71|0x00000000a4700000, 0x00000000a4800000, 0x00000000a4800000|100%| O|Cm|TAMS 0x00000000a4700000| PB 0x00000000a4700000| Complete 
|  72|0x00000000a4800000, 0x00000000a4900000, 0x00000000a4900000|100%| O|  |TAMS 0x00000000a4800000| PB 0x00000000a4800000| Untracked 
|  73|0x00000000a4900000, 0x00000000a4a00000, 0x00000000a4a00000|100%| O|  |TAMS 0x00000000a4900000| PB 0x00000000a4900000| Untracked 
|  74|0x00000000a4a00000, 0x00000000a4b00000, 0x00000000a4b00000|100%| O|  |TAMS 0x00000000a4a00000| PB 0x00000000a4a00000| Untracked 
|  75|0x00000000a4b00000, 0x00000000a4c00000, 0x00000000a4c00000|100%| O|  |TAMS 0x00000000a4b00000| PB 0x00000000a4b00000| Untracked 
|  76|0x00000000a4c00000, 0x00000000a4d00000, 0x00000000a4d00000|100%| O|  |TAMS 0x00000000a4c00000| PB 0x00000000a4c00000| Untracked 
|  77|0x00000000a4d00000, 0x00000000a4e00000, 0x00000000a4e00000|100%| O|  |TAMS 0x00000000a4d00000| PB 0x00000000a4d00000| Untracked 
|  78|0x00000000a4e00000, 0x00000000a4f00000, 0x00000000a4f00000|100%| O|Cm|TAMS 0x00000000a4e00000| PB 0x00000000a4e00000| Complete 
|  79|0x00000000a4f00000, 0x00000000a5000000, 0x00000000a5000000|100%| O|Cm|TAMS 0x00000000a4f00000| PB 0x00000000a4f00000| Complete 
|  80|0x00000000a5000000, 0x00000000a5100000, 0x00000000a5100000|100%| O|  |TAMS 0x00000000a5000000| PB 0x00000000a5000000| Untracked 
|  81|0x00000000a5100000, 0x00000000a5200000, 0x00000000a5200000|100%| O|  |TAMS 0x00000000a5100000| PB 0x00000000a5100000| Untracked 
|  82|0x00000000a5200000, 0x00000000a5300000, 0x00000000a5300000|100%| O|  |TAMS 0x00000000a5200000| PB 0x00000000a5200000| Untracked 
|  83|0x00000000a5300000, 0x00000000a5400000, 0x00000000a5400000|100%| O|Cm|TAMS 0x00000000a5300000| PB 0x00000000a5300000| Complete 
|  84|0x00000000a5400000, 0x00000000a5500000, 0x00000000a5500000|100%| O|  |TAMS 0x00000000a5400000| PB 0x00000000a5400000| Untracked 
|  85|0x00000000a5500000, 0x00000000a5600000, 0x00000000a5600000|100%| O|  |TAMS 0x00000000a5500000| PB 0x00000000a5500000| Untracked 
|  86|0x00000000a5600000, 0x00000000a5700000, 0x00000000a5700000|100%| O|  |TAMS 0x00000000a5600000| PB 0x00000000a5600000| Untracked 
|  87|0x00000000a5700000, 0x00000000a5800000, 0x00000000a5800000|100%| O|  |TAMS 0x00000000a5700000| PB 0x00000000a5700000| Untracked 
|  88|0x00000000a5800000, 0x00000000a5900000, 0x00000000a5900000|100%| O|  |TAMS 0x00000000a5800000| PB 0x00000000a5800000| Untracked 
|  89|0x00000000a5900000, 0x00000000a5a00000, 0x00000000a5a00000|100%| O|  |TAMS 0x00000000a5900000| PB 0x00000000a5900000| Untracked 
|  90|0x00000000a5a00000, 0x00000000a5b00000, 0x00000000a5b00000|100%| O|  |TAMS 0x00000000a5a00000| PB 0x00000000a5a00000| Untracked 
|  91|0x00000000a5b00000, 0x00000000a5c00000, 0x00000000a5c00000|100%| O|  |TAMS 0x00000000a5b00000| PB 0x00000000a5b00000| Untracked 
|  92|0x00000000a5c00000, 0x00000000a5d00000, 0x00000000a5d00000|100%| O|  |TAMS 0x00000000a5c00000| PB 0x00000000a5c00000| Untracked 
|  93|0x00000000a5d00000, 0x00000000a5e00000, 0x00000000a5e00000|100%| O|  |TAMS 0x00000000a5d00000| PB 0x00000000a5d00000| Untracked 
|  94|0x00000000a5e00000, 0x00000000a5f00000, 0x00000000a5f00000|100%| O|  |TAMS 0x00000000a5e00000| PB 0x00000000a5e00000| Untracked 
|  95|0x00000000a5f00000, 0x00000000a6000000, 0x00000000a6000000|100%| O|  |TAMS 0x00000000a5f00000| PB 0x00000000a5f00000| Untracked 
|  96|0x00000000a6000000, 0x00000000a6100000, 0x00000000a6100000|100%| O|  |TAMS 0x00000000a6000000| PB 0x00000000a6000000| Untracked 
|  97|0x00000000a6100000, 0x00000000a6200000, 0x00000000a6200000|100%| O|  |TAMS 0x00000000a6100000| PB 0x00000000a6100000| Untracked 
|  98|0x00000000a6200000, 0x00000000a6300000, 0x00000000a6300000|100%| O|  |TAMS 0x00000000a6200000| PB 0x00000000a6200000| Untracked 
|  99|0x00000000a6300000, 0x00000000a6400000, 0x00000000a6400000|100%| O|  |TAMS 0x00000000a6300000| PB 0x00000000a6300000| Untracked 
| 100|0x00000000a6400000, 0x00000000a6500000, 0x00000000a6500000|100%| O|Cm|TAMS 0x00000000a6400000| PB 0x00000000a6400000| Complete 
| 101|0x00000000a6500000, 0x00000000a6600000, 0x00000000a6600000|100%| O|  |TAMS 0x00000000a6500000| PB 0x00000000a6500000| Untracked 
| 102|0x00000000a6600000, 0x00000000a6700000, 0x00000000a6700000|100%| O|  |TAMS 0x00000000a6600000| PB 0x00000000a6600000| Untracked 
| 103|0x00000000a6700000, 0x00000000a6800000, 0x00000000a6800000|100%| O|  |TAMS 0x00000000a6700000| PB 0x00000000a6700000| Untracked 
| 104|0x00000000a6800000, 0x00000000a6900000, 0x00000000a6900000|100%| O|  |TAMS 0x00000000a6800000| PB 0x00000000a6800000| Untracked 
| 105|0x00000000a6900000, 0x00000000a6a00000, 0x00000000a6a00000|100%| O|  |TAMS 0x00000000a6900000| PB 0x00000000a6900000| Untracked 
| 106|0x00000000a6a00000, 0x00000000a6b00000, 0x00000000a6b00000|100%| O|Cm|TAMS 0x00000000a6a00000| PB 0x00000000a6a00000| Complete 
| 107|0x00000000a6b00000, 0x00000000a6c00000, 0x00000000a6c00000|100%| O|  |TAMS 0x00000000a6b00000| PB 0x00000000a6b00000| Untracked 
| 108|0x00000000a6c00000, 0x00000000a6d00000, 0x00000000a6d00000|100%| O|  |TAMS 0x00000000a6c00000| PB 0x00000000a6c00000| Untracked 
| 109|0x00000000a6d00000, 0x00000000a6e00000, 0x00000000a6e00000|100%| O|  |TAMS 0x00000000a6d00000| PB 0x00000000a6d00000| Untracked 
| 110|0x00000000a6e00000, 0x00000000a6f00000, 0x00000000a6f00000|100%|HS|  |TAMS 0x00000000a6e00000| PB 0x00000000a6e00000| Complete 
| 111|0x00000000a6f00000, 0x00000000a7000000, 0x00000000a7000000|100%|HC|  |TAMS 0x00000000a6f00000| PB 0x00000000a6f00000| Complete 
| 112|0x00000000a7000000, 0x00000000a7100000, 0x00000000a7100000|100%| O|  |TAMS 0x00000000a7000000| PB 0x00000000a7000000| Untracked 
| 113|0x00000000a7100000, 0x00000000a7200000, 0x00000000a7200000|100%| O|  |TAMS 0x00000000a7100000| PB 0x00000000a7100000| Untracked 
| 114|0x00000000a7200000, 0x00000000a7300000, 0x00000000a7300000|100%| O|  |TAMS 0x00000000a7200000| PB 0x00000000a7200000| Untracked 
| 115|0x00000000a7300000, 0x00000000a7400000, 0x00000000a7400000|100%| O|  |TAMS 0x00000000a7300000| PB 0x00000000a7300000| Untracked 
| 116|0x00000000a7400000, 0x00000000a7500000, 0x00000000a7500000|100%| O|  |TAMS 0x00000000a7400000| PB 0x00000000a7400000| Untracked 
| 117|0x00000000a7500000, 0x00000000a7600000, 0x00000000a7600000|100%| O|  |TAMS 0x00000000a7500000| PB 0x00000000a7500000| Untracked 
| 118|0x00000000a7600000, 0x00000000a7700000, 0x00000000a7700000|100%| O|Cm|TAMS 0x00000000a7600000| PB 0x00000000a7600000| Complete 
| 119|0x00000000a7700000, 0x00000000a7800000, 0x00000000a7800000|100%| O|  |TAMS 0x00000000a7700000| PB 0x00000000a7700000| Untracked 
| 120|0x00000000a7800000, 0x00000000a7900000, 0x00000000a7900000|100%| O|  |TAMS 0x00000000a7800000| PB 0x00000000a7800000| Untracked 
| 121|0x00000000a7900000, 0x00000000a7a00000, 0x00000000a7a00000|100%| O|  |TAMS 0x00000000a7900000| PB 0x00000000a7900000| Untracked 
| 122|0x00000000a7a00000, 0x00000000a7b00000, 0x00000000a7b00000|100%| O|  |TAMS 0x00000000a7a00000| PB 0x00000000a7a00000| Untracked 
| 123|0x00000000a7b00000, 0x00000000a7c00000, 0x00000000a7c00000|100%| O|  |TAMS 0x00000000a7b00000| PB 0x00000000a7b00000| Untracked 
| 124|0x00000000a7c00000, 0x00000000a7d00000, 0x00000000a7d00000|100%| O|  |TAMS 0x00000000a7c00000| PB 0x00000000a7c00000| Untracked 
| 125|0x00000000a7d00000, 0x00000000a7e00000, 0x00000000a7e00000|100%| O|  |TAMS 0x00000000a7d00000| PB 0x00000000a7d00000| Untracked 
| 126|0x00000000a7e00000, 0x00000000a7f00000, 0x00000000a7f00000|100%| O|  |TAMS 0x00000000a7e00000| PB 0x00000000a7e00000| Untracked 
| 127|0x00000000a7f00000, 0x00000000a8000000, 0x00000000a8000000|100%| O|  |TAMS 0x00000000a7f00000| PB 0x00000000a7f00000| Untracked 
| 128|0x00000000a8000000, 0x00000000a8100000, 0x00000000a8100000|100%| O|  |TAMS 0x00000000a8000000| PB 0x00000000a8000000| Untracked 
| 129|0x00000000a8100000, 0x00000000a8200000, 0x00000000a8200000|100%| O|  |TAMS 0x00000000a8100000| PB 0x00000000a8100000| Untracked 
| 130|0x00000000a8200000, 0x00000000a8300000, 0x00000000a8300000|100%| O|  |TAMS 0x00000000a8200000| PB 0x00000000a8200000| Untracked 
| 131|0x00000000a8300000, 0x00000000a8400000, 0x00000000a8400000|100%| O|  |TAMS 0x00000000a8300000| PB 0x00000000a8300000| Untracked 
| 132|0x00000000a8400000, 0x00000000a8500000, 0x00000000a8500000|100%| O|  |TAMS 0x00000000a8400000| PB 0x00000000a8400000| Untracked 
| 133|0x00000000a8500000, 0x00000000a8600000, 0x00000000a8600000|100%| O|  |TAMS 0x00000000a8500000| PB 0x00000000a8500000| Untracked 
| 134|0x00000000a8600000, 0x00000000a8700000, 0x00000000a8700000|100%| O|  |TAMS 0x00000000a8600000| PB 0x00000000a8600000| Untracked 
| 135|0x00000000a8700000, 0x00000000a8800000, 0x00000000a8800000|100%| O|  |TAMS 0x00000000a8700000| PB 0x00000000a8700000| Untracked 
| 136|0x00000000a8800000, 0x00000000a8900000, 0x00000000a8900000|100%| O|  |TAMS 0x00000000a8800000| PB 0x00000000a8800000| Untracked 
| 137|0x00000000a8900000, 0x00000000a8a00000, 0x00000000a8a00000|100%| O|  |TAMS 0x00000000a8900000| PB 0x00000000a8900000| Untracked 
| 138|0x00000000a8a00000, 0x00000000a8b00000, 0x00000000a8b00000|100%| O|  |TAMS 0x00000000a8a00000| PB 0x00000000a8a00000| Untracked 
| 139|0x00000000a8b00000, 0x00000000a8c00000, 0x00000000a8c00000|100%| O|  |TAMS 0x00000000a8b00000| PB 0x00000000a8b00000| Untracked 
| 140|0x00000000a8c00000, 0x00000000a8d00000, 0x00000000a8d00000|100%| O|  |TAMS 0x00000000a8c00000| PB 0x00000000a8c00000| Untracked 
| 141|0x00000000a8d00000, 0x00000000a8e00000, 0x00000000a8e00000|100%| O|  |TAMS 0x00000000a8d00000| PB 0x00000000a8d00000| Untracked 
| 142|0x00000000a8e00000, 0x00000000a8f00000, 0x00000000a8f00000|100%| O|  |TAMS 0x00000000a8e00000| PB 0x00000000a8e00000| Untracked 
| 143|0x00000000a8f00000, 0x00000000a9000000, 0x00000000a9000000|100%| O|  |TAMS 0x00000000a8f00000| PB 0x00000000a8f00000| Untracked 
| 144|0x00000000a9000000, 0x00000000a9100000, 0x00000000a9100000|100%| O|  |TAMS 0x00000000a9000000| PB 0x00000000a9000000| Untracked 
| 145|0x00000000a9100000, 0x00000000a9200000, 0x00000000a9200000|100%| O|  |TAMS 0x00000000a9100000| PB 0x00000000a9100000| Untracked 
| 146|0x00000000a9200000, 0x00000000a9300000, 0x00000000a9300000|100%|HS|  |TAMS 0x00000000a9200000| PB 0x00000000a9200000| Complete 
| 147|0x00000000a9300000, 0x00000000a9400000, 0x00000000a9400000|100%|HC|  |TAMS 0x00000000a9300000| PB 0x00000000a9300000| Complete 
| 148|0x00000000a9400000, 0x00000000a9500000, 0x00000000a9500000|100%|HS|  |TAMS 0x00000000a9400000| PB 0x00000000a9400000| Complete 
| 149|0x00000000a9500000, 0x00000000a9600000, 0x00000000a9600000|100%|HC|  |TAMS 0x00000000a9500000| PB 0x00000000a9500000| Complete 
| 150|0x00000000a9600000, 0x00000000a9700000, 0x00000000a9700000|100%|HS|  |TAMS 0x00000000a9600000| PB 0x00000000a9600000| Complete 
| 151|0x00000000a9700000, 0x00000000a9800000, 0x00000000a9800000|100%|HC|  |TAMS 0x00000000a9700000| PB 0x00000000a9700000| Complete 
| 152|0x00000000a9800000, 0x00000000a9900000, 0x00000000a9900000|100%|HS|  |TAMS 0x00000000a9800000| PB 0x00000000a9800000| Complete 
| 153|0x00000000a9900000, 0x00000000a9a00000, 0x00000000a9a00000|100%|HC|  |TAMS 0x00000000a9900000| PB 0x00000000a9900000| Complete 
| 154|0x00000000a9a00000, 0x00000000a9b00000, 0x00000000a9b00000|100%|HS|  |TAMS 0x00000000a9a00000| PB 0x00000000a9a00000| Complete 
| 155|0x00000000a9b00000, 0x00000000a9c00000, 0x00000000a9c00000|100%|HC|  |TAMS 0x00000000a9b00000| PB 0x00000000a9b00000| Complete 
| 156|0x00000000a9c00000, 0x00000000a9d00000, 0x00000000a9d00000|100%|HS|  |TAMS 0x00000000a9c00000| PB 0x00000000a9c00000| Complete 
| 157|0x00000000a9d00000, 0x00000000a9e00000, 0x00000000a9e00000|100%|HC|  |TAMS 0x00000000a9d00000| PB 0x00000000a9d00000| Complete 
| 158|0x00000000a9e00000, 0x00000000a9e00000, 0x00000000a9f00000|  0%| F|  |TAMS 0x00000000a9e00000| PB 0x00000000a9e00000| Untracked 
| 159|0x00000000a9f00000, 0x00000000a9f9aee8, 0x00000000aa000000| 60%| S|CS|TAMS 0x00000000a9f00000| PB 0x00000000a9f00000| Complete 
| 160|0x00000000aa000000, 0x00000000aa100000, 0x00000000aa100000|100%| S|CS|TAMS 0x00000000aa000000| PB 0x00000000aa000000| Complete 
| 161|0x00000000aa100000, 0x00000000aa200000, 0x00000000aa200000|100%| S|CS|TAMS 0x00000000aa100000| PB 0x00000000aa100000| Complete 
| 162|0x00000000aa200000, 0x00000000aa300000, 0x00000000aa300000|100%| S|CS|TAMS 0x00000000aa200000| PB 0x00000000aa200000| Complete 
| 163|0x00000000aa300000, 0x00000000aa400000, 0x00000000aa400000|100%| S|CS|TAMS 0x00000000aa300000| PB 0x00000000aa300000| Complete 
| 164|0x00000000aa400000, 0x00000000aa500000, 0x00000000aa500000|100%| S|CS|TAMS 0x00000000aa400000| PB 0x00000000aa400000| Complete 
| 165|0x00000000aa500000, 0x00000000aa600000, 0x00000000aa600000|100%| S|CS|TAMS 0x00000000aa500000| PB 0x00000000aa500000| Complete 
| 166|0x00000000aa600000, 0x00000000aa700000, 0x00000000aa700000|100%| S|CS|TAMS 0x00000000aa600000| PB 0x00000000aa600000| Complete 
| 167|0x00000000aa700000, 0x00000000aa800000, 0x00000000aa800000|100%| S|CS|TAMS 0x00000000aa700000| PB 0x00000000aa700000| Complete 
| 168|0x00000000aa800000, 0x00000000aa900000, 0x00000000aa900000|100%| S|CS|TAMS 0x00000000aa800000| PB 0x00000000aa800000| Complete 
| 169|0x00000000aa900000, 0x00000000aaa00000, 0x00000000aaa00000|100%| S|CS|TAMS 0x00000000aa900000| PB 0x00000000aa900000| Complete 
| 170|0x00000000aaa00000, 0x00000000aab00000, 0x00000000aab00000|100%| S|CS|TAMS 0x00000000aaa00000| PB 0x00000000aaa00000| Complete 
| 171|0x00000000aab00000, 0x00000000aac00000, 0x00000000aac00000|100%| S|CS|TAMS 0x00000000aab00000| PB 0x00000000aab00000| Complete 
| 172|0x00000000aac00000, 0x00000000aad00000, 0x00000000aad00000|100%| S|CS|TAMS 0x00000000aac00000| PB 0x00000000aac00000| Complete 
| 173|0x00000000aad00000, 0x00000000aae00000, 0x00000000aae00000|100%| S|CS|TAMS 0x00000000aad00000| PB 0x00000000aad00000| Complete 
| 174|0x00000000aae00000, 0x00000000aaf00000, 0x00000000aaf00000|100%| S|CS|TAMS 0x00000000aae00000| PB 0x00000000aae00000| Complete 
| 175|0x00000000aaf00000, 0x00000000ab000000, 0x00000000ab000000|100%| S|CS|TAMS 0x00000000aaf00000| PB 0x00000000aaf00000| Complete 
| 176|0x00000000ab000000, 0x00000000ab100000, 0x00000000ab100000|100%| S|CS|TAMS 0x00000000ab000000| PB 0x00000000ab000000| Complete 
| 177|0x00000000ab100000, 0x00000000ab200000, 0x00000000ab200000|100%| S|CS|TAMS 0x00000000ab100000| PB 0x00000000ab100000| Complete 
| 178|0x00000000ab200000, 0x00000000ab300000, 0x00000000ab300000|100%| S|CS|TAMS 0x00000000ab200000| PB 0x00000000ab200000| Complete 
| 179|0x00000000ab300000, 0x00000000ab400000, 0x00000000ab400000|100%| S|CS|TAMS 0x00000000ab300000| PB 0x00000000ab300000| Complete 
| 180|0x00000000ab400000, 0x00000000ab500000, 0x00000000ab500000|100%| S|CS|TAMS 0x00000000ab400000| PB 0x00000000ab400000| Complete 
| 181|0x00000000ab500000, 0x00000000ab600000, 0x00000000ab600000|100%|HS|  |TAMS 0x00000000ab500000| PB 0x00000000ab500000| Complete 
| 182|0x00000000ab600000, 0x00000000ab700000, 0x00000000ab700000|100%|HC|  |TAMS 0x00000000ab600000| PB 0x00000000ab600000| Complete 
| 183|0x00000000ab700000, 0x00000000ab800000, 0x00000000ab800000|100%|HS|  |TAMS 0x00000000ab700000| PB 0x00000000ab700000| Complete 
| 184|0x00000000ab800000, 0x00000000ab900000, 0x00000000ab900000|100%|HC|  |TAMS 0x00000000ab800000| PB 0x00000000ab800000| Complete 
| 185|0x00000000ab900000, 0x00000000aba00000, 0x00000000aba00000|100%|HS|  |TAMS 0x00000000ab900000| PB 0x00000000ab900000| Complete 
| 186|0x00000000aba00000, 0x00000000abb00000, 0x00000000abb00000|100%|HC|  |TAMS 0x00000000aba00000| PB 0x00000000aba00000| Complete 
| 187|0x00000000abb00000, 0x00000000abc00000, 0x00000000abc00000|100%|HS|  |TAMS 0x00000000abb00000| PB 0x00000000abb00000| Complete 
| 188|0x00000000abc00000, 0x00000000abd00000, 0x00000000abd00000|100%|HC|  |TAMS 0x00000000abc00000| PB 0x00000000abc00000| Complete 
| 189|0x00000000abd00000, 0x00000000abe00000, 0x00000000abe00000|100%|HS|  |TAMS 0x00000000abd00000| PB 0x00000000abd00000| Complete 
| 190|0x00000000abe00000, 0x00000000abf00000, 0x00000000abf00000|100%|HC|  |TAMS 0x00000000abe00000| PB 0x00000000abe00000| Complete 
| 191|0x00000000abf00000, 0x00000000ac000000, 0x00000000ac000000|100%|HS|  |TAMS 0x00000000abf00000| PB 0x00000000abf00000| Complete 
| 192|0x00000000ac000000, 0x00000000ac100000, 0x00000000ac100000|100%|HC|  |TAMS 0x00000000ac000000| PB 0x00000000ac000000| Complete 
| 193|0x00000000ac100000, 0x00000000ac200000, 0x00000000ac200000|100%|HS|  |TAMS 0x00000000ac100000| PB 0x00000000ac100000| Complete 
| 194|0x00000000ac200000, 0x00000000ac300000, 0x00000000ac300000|100%|HC|  |TAMS 0x00000000ac200000| PB 0x00000000ac200000| Complete 
| 195|0x00000000ac300000, 0x00000000ac400000, 0x00000000ac400000|100%|HS|  |TAMS 0x00000000ac300000| PB 0x00000000ac300000| Complete 
| 196|0x00000000ac400000, 0x00000000ac500000, 0x00000000ac500000|100%|HC|  |TAMS 0x00000000ac400000| PB 0x00000000ac400000| Complete 
| 197|0x00000000ac500000, 0x00000000ac600000, 0x00000000ac600000|100%|HS|  |TAMS 0x00000000ac500000| PB 0x00000000ac500000| Complete 
| 198|0x00000000ac600000, 0x00000000ac700000, 0x00000000ac700000|100%|HC|  |TAMS 0x00000000ac600000| PB 0x00000000ac600000| Complete 
| 199|0x00000000ac700000, 0x00000000ac800000, 0x00000000ac800000|100%|HS|  |TAMS 0x00000000ac700000| PB 0x00000000ac700000| Complete 
| 200|0x00000000ac800000, 0x00000000ac900000, 0x00000000ac900000|100%|HC|  |TAMS 0x00000000ac800000| PB 0x00000000ac800000| Complete 
| 201|0x00000000ac900000, 0x00000000aca00000, 0x00000000aca00000|100%|HS|  |TAMS 0x00000000ac900000| PB 0x00000000ac900000| Complete 
| 202|0x00000000aca00000, 0x00000000acb00000, 0x00000000acb00000|100%|HC|  |TAMS 0x00000000aca00000| PB 0x00000000aca00000| Complete 
| 203|0x00000000acb00000, 0x00000000acc00000, 0x00000000acc00000|100%|HS|  |TAMS 0x00000000acb00000| PB 0x00000000acb00000| Complete 
| 204|0x00000000acc00000, 0x00000000acd00000, 0x00000000acd00000|100%|HC|  |TAMS 0x00000000acc00000| PB 0x00000000acc00000| Complete 
| 205|0x00000000acd00000, 0x00000000ace00000, 0x00000000ace00000|100%|HS|  |TAMS 0x00000000acd00000| PB 0x00000000acd00000| Complete 
| 206|0x00000000ace00000, 0x00000000acf00000, 0x00000000acf00000|100%|HC|  |TAMS 0x00000000ace00000| PB 0x00000000ace00000| Complete 
| 207|0x00000000acf00000, 0x00000000ad000000, 0x00000000ad000000|100%|HS|  |TAMS 0x00000000acf00000| PB 0x00000000acf00000| Complete 
| 208|0x00000000ad000000, 0x00000000ad100000, 0x00000000ad100000|100%|HC|  |TAMS 0x00000000ad000000| PB 0x00000000ad000000| Complete 
| 209|0x00000000ad100000, 0x00000000ad200000, 0x00000000ad200000|100%|HS|  |TAMS 0x00000000ad100000| PB 0x00000000ad100000| Complete 
| 210|0x00000000ad200000, 0x00000000ad300000, 0x00000000ad300000|100%|HC|  |TAMS 0x00000000ad200000| PB 0x00000000ad200000| Complete 
| 211|0x00000000ad300000, 0x00000000ad400000, 0x00000000ad400000|100%|HS|  |TAMS 0x00000000ad300000| PB 0x00000000ad300000| Complete 
| 212|0x00000000ad400000, 0x00000000ad500000, 0x00000000ad500000|100%|HC|  |TAMS 0x00000000ad400000| PB 0x00000000ad400000| Complete 
| 213|0x00000000ad500000, 0x00000000ad600000, 0x00000000ad600000|100%|HS|  |TAMS 0x00000000ad500000| PB 0x00000000ad500000| Complete 
| 214|0x00000000ad600000, 0x00000000ad700000, 0x00000000ad700000|100%|HC|  |TAMS 0x00000000ad600000| PB 0x00000000ad600000| Complete 
| 215|0x00000000ad700000, 0x00000000ad800000, 0x00000000ad800000|100%|HS|  |TAMS 0x00000000ad700000| PB 0x00000000ad700000| Complete 
| 216|0x00000000ad800000, 0x00000000ad900000, 0x00000000ad900000|100%|HC|  |TAMS 0x00000000ad800000| PB 0x00000000ad800000| Complete 
| 217|0x00000000ad900000, 0x00000000ada00000, 0x00000000ada00000|100%|HS|  |TAMS 0x00000000ad900000| PB 0x00000000ad900000| Complete 
| 218|0x00000000ada00000, 0x00000000adb00000, 0x00000000adb00000|100%|HC|  |TAMS 0x00000000ada00000| PB 0x00000000ada00000| Complete 
| 219|0x00000000adb00000, 0x00000000adc00000, 0x00000000adc00000|100%|HS|  |TAMS 0x00000000adb00000| PB 0x00000000adb00000| Complete 
| 220|0x00000000adc00000, 0x00000000add00000, 0x00000000add00000|100%|HC|  |TAMS 0x00000000adc00000| PB 0x00000000adc00000| Complete 
| 221|0x00000000add00000, 0x00000000ade00000, 0x00000000ade00000|100%|HS|  |TAMS 0x00000000add00000| PB 0x00000000add00000| Complete 
| 222|0x00000000ade00000, 0x00000000adf00000, 0x00000000adf00000|100%|HC|  |TAMS 0x00000000ade00000| PB 0x00000000ade00000| Complete 
| 223|0x00000000adf00000, 0x00000000ae000000, 0x00000000ae000000|100%|HS|  |TAMS 0x00000000adf00000| PB 0x00000000adf00000| Complete 
| 224|0x00000000ae000000, 0x00000000ae100000, 0x00000000ae100000|100%|HC|  |TAMS 0x00000000ae000000| PB 0x00000000ae000000| Complete 
| 225|0x00000000ae100000, 0x00000000ae200000, 0x00000000ae200000|100%|HS|  |TAMS 0x00000000ae100000| PB 0x00000000ae100000| Complete 
| 226|0x00000000ae200000, 0x00000000ae300000, 0x00000000ae300000|100%|HC|  |TAMS 0x00000000ae200000| PB 0x00000000ae200000| Complete 
| 227|0x00000000ae300000, 0x00000000ae400000, 0x00000000ae400000|100%|HS|  |TAMS 0x00000000ae300000| PB 0x00000000ae300000| Complete 
| 228|0x00000000ae400000, 0x00000000ae500000, 0x00000000ae500000|100%|HC|  |TAMS 0x00000000ae400000| PB 0x00000000ae400000| Complete 
| 229|0x00000000ae500000, 0x00000000ae600000, 0x00000000ae600000|100%|HS|  |TAMS 0x00000000ae500000| PB 0x00000000ae500000| Complete 
| 230|0x00000000ae600000, 0x00000000ae700000, 0x00000000ae700000|100%|HC|  |TAMS 0x00000000ae600000| PB 0x00000000ae600000| Complete 
| 231|0x00000000ae700000, 0x00000000ae800000, 0x00000000ae800000|100%|HS|  |TAMS 0x00000000ae700000| PB 0x00000000ae700000| Complete 
| 232|0x00000000ae800000, 0x00000000ae900000, 0x00000000ae900000|100%|HC|  |TAMS 0x00000000ae800000| PB 0x00000000ae800000| Complete 
| 233|0x00000000ae900000, 0x00000000ae9f6110, 0x00000000aea00000| 96%| E|  |TAMS 0x00000000ae900000| PB 0x00000000ae900000| Complete 
| 234|0x00000000aea00000, 0x00000000aeb00000, 0x00000000aeb00000|100%| E|CS|TAMS 0x00000000aea00000| PB 0x00000000aea00000| Complete 
| 235|0x00000000aeb00000, 0x00000000aec00000, 0x00000000aec00000|100%| E|CS|TAMS 0x00000000aeb00000| PB 0x00000000aeb00000| Complete 
| 236|0x00000000aec00000, 0x00000000aed00000, 0x00000000aed00000|100%| E|CS|TAMS 0x00000000aec00000| PB 0x00000000aec00000| Complete 
| 237|0x00000000aed00000, 0x00000000aee00000, 0x00000000aee00000|100%| E|CS|TAMS 0x00000000aed00000| PB 0x00000000aed00000| Complete 
| 238|0x00000000aee00000, 0x00000000aef00000, 0x00000000aef00000|100%| E|CS|TAMS 0x00000000aee00000| PB 0x00000000aee00000| Complete 
| 239|0x00000000aef00000, 0x00000000af000000, 0x00000000af000000|100%| E|  |TAMS 0x00000000aef00000| PB 0x00000000aef00000| Complete 
| 240|0x00000000af000000, 0x00000000af100000, 0x00000000af100000|100%| E|CS|TAMS 0x00000000af000000| PB 0x00000000af000000| Complete 
| 241|0x00000000af100000, 0x00000000af200000, 0x00000000af200000|100%| E|CS|TAMS 0x00000000af100000| PB 0x00000000af100000| Complete 
| 242|0x00000000af200000, 0x00000000af300000, 0x00000000af300000|100%| E|CS|TAMS 0x00000000af200000| PB 0x00000000af200000| Complete 
| 243|0x00000000af300000, 0x00000000af400000, 0x00000000af400000|100%| E|CS|TAMS 0x00000000af300000| PB 0x00000000af300000| Complete 
| 244|0x00000000af400000, 0x00000000af500000, 0x00000000af500000|100%| E|CS|TAMS 0x00000000af400000| PB 0x00000000af400000| Complete 
| 245|0x00000000af500000, 0x00000000af600000, 0x00000000af600000|100%| E|CS|TAMS 0x00000000af500000| PB 0x00000000af500000| Complete 
| 246|0x00000000af600000, 0x00000000af700000, 0x00000000af700000|100%| E|CS|TAMS 0x00000000af600000| PB 0x00000000af600000| Complete 
| 247|0x00000000af700000, 0x00000000af800000, 0x00000000af800000|100%| E|CS|TAMS 0x00000000af700000| PB 0x00000000af700000| Complete 
| 248|0x00000000af800000, 0x00000000af900000, 0x00000000af900000|100%| E|CS|TAMS 0x00000000af800000| PB 0x00000000af800000| Complete 
| 249|0x00000000af900000, 0x00000000afa00000, 0x00000000afa00000|100%| E|CS|TAMS 0x00000000af900000| PB 0x00000000af900000| Complete 
| 250|0x00000000afa00000, 0x00000000afb00000, 0x00000000afb00000|100%| E|CS|TAMS 0x00000000afa00000| PB 0x00000000afa00000| Complete 
| 251|0x00000000afb00000, 0x00000000afc00000, 0x00000000afc00000|100%| E|CS|TAMS 0x00000000afb00000| PB 0x00000000afb00000| Complete 
| 252|0x00000000afc00000, 0x00000000afd00000, 0x00000000afd00000|100%| E|CS|TAMS 0x00000000afc00000| PB 0x00000000afc00000| Complete 
| 253|0x00000000afd00000, 0x00000000afe00000, 0x00000000afe00000|100%| E|CS|TAMS 0x00000000afd00000| PB 0x00000000afd00000| Complete 
| 254|0x00000000afe00000, 0x00000000aff00000, 0x00000000aff00000|100%| E|CS|TAMS 0x00000000afe00000| PB 0x00000000afe00000| Complete 
| 255|0x00000000aff00000, 0x00000000b0000000, 0x00000000b0000000|100%| E|CS|TAMS 0x00000000aff00000| PB 0x00000000aff00000| Complete 
| 256|0x00000000b0000000, 0x00000000b0100000, 0x00000000b0100000|100%| E|CS|TAMS 0x00000000b0000000| PB 0x00000000b0000000| Complete 
| 257|0x00000000b0100000, 0x00000000b0200000, 0x00000000b0200000|100%| E|CS|TAMS 0x00000000b0100000| PB 0x00000000b0100000| Complete 
| 258|0x00000000b0200000, 0x00000000b0300000, 0x00000000b0300000|100%| E|CS|TAMS 0x00000000b0200000| PB 0x00000000b0200000| Complete 
| 259|0x00000000b0300000, 0x00000000b0400000, 0x00000000b0400000|100%| E|CS|TAMS 0x00000000b0300000| PB 0x00000000b0300000| Complete 
| 260|0x00000000b0400000, 0x00000000b0500000, 0x00000000b0500000|100%| E|CS|TAMS 0x00000000b0400000| PB 0x00000000b0400000| Complete 
| 261|0x00000000b0500000, 0x00000000b0600000, 0x00000000b0600000|100%| E|CS|TAMS 0x00000000b0500000| PB 0x00000000b0500000| Complete 
| 262|0x00000000b0600000, 0x00000000b0700000, 0x00000000b0700000|100%| E|CS|TAMS 0x00000000b0600000| PB 0x00000000b0600000| Complete 
| 263|0x00000000b0700000, 0x00000000b0800000, 0x00000000b0800000|100%| E|CS|TAMS 0x00000000b0700000| PB 0x00000000b0700000| Complete 
| 264|0x00000000b0800000, 0x00000000b0900000, 0x00000000b0900000|100%| E|CS|TAMS 0x00000000b0800000| PB 0x00000000b0800000| Complete 
| 265|0x00000000b0900000, 0x00000000b0a00000, 0x00000000b0a00000|100%| E|CS|TAMS 0x00000000b0900000| PB 0x00000000b0900000| Complete 
| 266|0x00000000b0a00000, 0x00000000b0b00000, 0x00000000b0b00000|100%| E|CS|TAMS 0x00000000b0a00000| PB 0x00000000b0a00000| Complete 
| 267|0x00000000b0b00000, 0x00000000b0c00000, 0x00000000b0c00000|100%| E|CS|TAMS 0x00000000b0b00000| PB 0x00000000b0b00000| Complete 
| 268|0x00000000b0c00000, 0x00000000b0d00000, 0x00000000b0d00000|100%| E|CS|TAMS 0x00000000b0c00000| PB 0x00000000b0c00000| Complete 
| 269|0x00000000b0d00000, 0x00000000b0e00000, 0x00000000b0e00000|100%| E|CS|TAMS 0x00000000b0d00000| PB 0x00000000b0d00000| Complete 
| 270|0x00000000b0e00000, 0x00000000b0f00000, 0x00000000b0f00000|100%| E|CS|TAMS 0x00000000b0e00000| PB 0x00000000b0e00000| Complete 
| 271|0x00000000b0f00000, 0x00000000b1000000, 0x00000000b1000000|100%| E|CS|TAMS 0x00000000b0f00000| PB 0x00000000b0f00000| Complete 
| 272|0x00000000b1000000, 0x00000000b1100000, 0x00000000b1100000|100%| E|CS|TAMS 0x00000000b1000000| PB 0x00000000b1000000| Complete 
| 273|0x00000000b1100000, 0x00000000b1200000, 0x00000000b1200000|100%| E|CS|TAMS 0x00000000b1100000| PB 0x00000000b1100000| Complete 
| 274|0x00000000b1200000, 0x00000000b1300000, 0x00000000b1300000|100%| E|CS|TAMS 0x00000000b1200000| PB 0x00000000b1200000| Complete 
| 275|0x00000000b1300000, 0x00000000b1400000, 0x00000000b1400000|100%| E|CS|TAMS 0x00000000b1300000| PB 0x00000000b1300000| Complete 
| 276|0x00000000b1400000, 0x00000000b1500000, 0x00000000b1500000|100%| E|CS|TAMS 0x00000000b1400000| PB 0x00000000b1400000| Complete 
| 277|0x00000000b1500000, 0x00000000b1600000, 0x00000000b1600000|100%| E|CS|TAMS 0x00000000b1500000| PB 0x00000000b1500000| Complete 
| 278|0x00000000b1600000, 0x00000000b1700000, 0x00000000b1700000|100%| E|CS|TAMS 0x00000000b1600000| PB 0x00000000b1600000| Complete 
| 279|0x00000000b1700000, 0x00000000b1800000, 0x00000000b1800000|100%| E|CS|TAMS 0x00000000b1700000| PB 0x00000000b1700000| Complete 
| 280|0x00000000b1800000, 0x00000000b1900000, 0x00000000b1900000|100%| E|CS|TAMS 0x00000000b1800000| PB 0x00000000b1800000| Complete 
| 281|0x00000000b1900000, 0x00000000b1a00000, 0x00000000b1a00000|100%| E|CS|TAMS 0x00000000b1900000| PB 0x00000000b1900000| Complete 
| 282|0x00000000b1a00000, 0x00000000b1b00000, 0x00000000b1b00000|100%| E|CS|TAMS 0x00000000b1a00000| PB 0x00000000b1a00000| Complete 
| 283|0x00000000b1b00000, 0x00000000b1c00000, 0x00000000b1c00000|100%| E|CS|TAMS 0x00000000b1b00000| PB 0x00000000b1b00000| Complete 
| 284|0x00000000b1c00000, 0x00000000b1d00000, 0x00000000b1d00000|100%| E|CS|TAMS 0x00000000b1c00000| PB 0x00000000b1c00000| Complete 
| 285|0x00000000b1d00000, 0x00000000b1e00000, 0x00000000b1e00000|100%| E|CS|TAMS 0x00000000b1d00000| PB 0x00000000b1d00000| Complete 
| 286|0x00000000b1e00000, 0x00000000b1f00000, 0x00000000b1f00000|100%| E|CS|TAMS 0x00000000b1e00000| PB 0x00000000b1e00000| Complete 
| 287|0x00000000b1f00000, 0x00000000b2000000, 0x00000000b2000000|100%| E|CS|TAMS 0x00000000b1f00000| PB 0x00000000b1f00000| Complete 
| 288|0x00000000b2000000, 0x00000000b2100000, 0x00000000b2100000|100%| E|CS|TAMS 0x00000000b2000000| PB 0x00000000b2000000| Complete 
| 289|0x00000000b2100000, 0x00000000b2200000, 0x00000000b2200000|100%| E|CS|TAMS 0x00000000b2100000| PB 0x00000000b2100000| Complete 
| 290|0x00000000b2200000, 0x00000000b2300000, 0x00000000b2300000|100%| E|CS|TAMS 0x00000000b2200000| PB 0x00000000b2200000| Complete 
| 291|0x00000000b2300000, 0x00000000b2400000, 0x00000000b2400000|100%| E|CS|TAMS 0x00000000b2300000| PB 0x00000000b2300000| Complete 
| 292|0x00000000b2400000, 0x00000000b2500000, 0x00000000b2500000|100%| E|CS|TAMS 0x00000000b2400000| PB 0x00000000b2400000| Complete 
| 293|0x00000000b2500000, 0x00000000b2600000, 0x00000000b2600000|100%| E|CS|TAMS 0x00000000b2500000| PB 0x00000000b2500000| Complete 
| 294|0x00000000b2600000, 0x00000000b2700000, 0x00000000b2700000|100%| E|CS|TAMS 0x00000000b2600000| PB 0x00000000b2600000| Complete 
| 295|0x00000000b2700000, 0x00000000b2800000, 0x00000000b2800000|100%| E|CS|TAMS 0x00000000b2700000| PB 0x00000000b2700000| Complete 
| 296|0x00000000b2800000, 0x00000000b2900000, 0x00000000b2900000|100%| E|CS|TAMS 0x00000000b2800000| PB 0x00000000b2800000| Complete 
| 297|0x00000000b2900000, 0x00000000b2a00000, 0x00000000b2a00000|100%| E|CS|TAMS 0x00000000b2900000| PB 0x00000000b2900000| Complete 
| 298|0x00000000b2a00000, 0x00000000b2b00000, 0x00000000b2b00000|100%| E|CS|TAMS 0x00000000b2a00000| PB 0x00000000b2a00000| Complete 
| 299|0x00000000b2b00000, 0x00000000b2c00000, 0x00000000b2c00000|100%| E|CS|TAMS 0x00000000b2b00000| PB 0x00000000b2b00000| Complete 
| 300|0x00000000b2c00000, 0x00000000b2d00000, 0x00000000b2d00000|100%| E|CS|TAMS 0x00000000b2c00000| PB 0x00000000b2c00000| Complete 
| 301|0x00000000b2d00000, 0x00000000b2e00000, 0x00000000b2e00000|100%| E|CS|TAMS 0x00000000b2d00000| PB 0x00000000b2d00000| Complete 
| 302|0x00000000b2e00000, 0x00000000b2f00000, 0x00000000b2f00000|100%| E|CS|TAMS 0x00000000b2e00000| PB 0x00000000b2e00000| Complete 
| 303|0x00000000b2f00000, 0x00000000b3000000, 0x00000000b3000000|100%| E|CS|TAMS 0x00000000b2f00000| PB 0x00000000b2f00000| Complete 
| 304|0x00000000b3000000, 0x00000000b3100000, 0x00000000b3100000|100%| E|CS|TAMS 0x00000000b3000000| PB 0x00000000b3000000| Complete 
| 305|0x00000000b3100000, 0x00000000b3200000, 0x00000000b3200000|100%| E|CS|TAMS 0x00000000b3100000| PB 0x00000000b3100000| Complete 
| 306|0x00000000b3200000, 0x00000000b3300000, 0x00000000b3300000|100%| E|CS|TAMS 0x00000000b3200000| PB 0x00000000b3200000| Complete 
| 307|0x00000000b3300000, 0x00000000b3400000, 0x00000000b3400000|100%| E|CS|TAMS 0x00000000b3300000| PB 0x00000000b3300000| Complete 
| 308|0x00000000b3400000, 0x00000000b3500000, 0x00000000b3500000|100%| E|CS|TAMS 0x00000000b3400000| PB 0x00000000b3400000| Complete 
| 309|0x00000000b3500000, 0x00000000b3600000, 0x00000000b3600000|100%| E|CS|TAMS 0x00000000b3500000| PB 0x00000000b3500000| Complete 
| 310|0x00000000b3600000, 0x00000000b3700000, 0x00000000b3700000|100%| E|CS|TAMS 0x00000000b3600000| PB 0x00000000b3600000| Complete 
| 311|0x00000000b3700000, 0x00000000b3800000, 0x00000000b3800000|100%| E|CS|TAMS 0x00000000b3700000| PB 0x00000000b3700000| Complete 
| 312|0x00000000b3800000, 0x00000000b3900000, 0x00000000b3900000|100%| E|CS|TAMS 0x00000000b3800000| PB 0x00000000b3800000| Complete 
| 313|0x00000000b3900000, 0x00000000b3a00000, 0x00000000b3a00000|100%| E|CS|TAMS 0x00000000b3900000| PB 0x00000000b3900000| Complete 
| 314|0x00000000b3a00000, 0x00000000b3b00000, 0x00000000b3b00000|100%| E|CS|TAMS 0x00000000b3a00000| PB 0x00000000b3a00000| Complete 
| 315|0x00000000b3b00000, 0x00000000b3c00000, 0x00000000b3c00000|100%| E|CS|TAMS 0x00000000b3b00000| PB 0x00000000b3b00000| Complete 
| 316|0x00000000b3c00000, 0x00000000b3d00000, 0x00000000b3d00000|100%| E|CS|TAMS 0x00000000b3c00000| PB 0x00000000b3c00000| Complete 
| 317|0x00000000b3d00000, 0x00000000b3e00000, 0x00000000b3e00000|100%| E|CS|TAMS 0x00000000b3d00000| PB 0x00000000b3d00000| Complete 
| 318|0x00000000b3e00000, 0x00000000b3f00000, 0x00000000b3f00000|100%| E|CS|TAMS 0x00000000b3e00000| PB 0x00000000b3e00000| Complete 
| 319|0x00000000b3f00000, 0x00000000b4000000, 0x00000000b4000000|100%| E|CS|TAMS 0x00000000b3f00000| PB 0x00000000b3f00000| Complete 
| 320|0x00000000b4000000, 0x00000000b4100000, 0x00000000b4100000|100%| E|CS|TAMS 0x00000000b4000000| PB 0x00000000b4000000| Complete 
| 321|0x00000000b4100000, 0x00000000b4200000, 0x00000000b4200000|100%| E|CS|TAMS 0x00000000b4100000| PB 0x00000000b4100000| Complete 
| 322|0x00000000b4200000, 0x00000000b4300000, 0x00000000b4300000|100%| E|CS|TAMS 0x00000000b4200000| PB 0x00000000b4200000| Complete 
| 323|0x00000000b4300000, 0x00000000b4400000, 0x00000000b4400000|100%| E|CS|TAMS 0x00000000b4300000| PB 0x00000000b4300000| Complete 
| 324|0x00000000b4400000, 0x00000000b4500000, 0x00000000b4500000|100%| E|CS|TAMS 0x00000000b4400000| PB 0x00000000b4400000| Complete 
| 325|0x00000000b4500000, 0x00000000b4600000, 0x00000000b4600000|100%| E|CS|TAMS 0x00000000b4500000| PB 0x00000000b4500000| Complete 
| 326|0x00000000b4600000, 0x00000000b4700000, 0x00000000b4700000|100%| E|CS|TAMS 0x00000000b4600000| PB 0x00000000b4600000| Complete 
| 327|0x00000000b4700000, 0x00000000b4800000, 0x00000000b4800000|100%| E|CS|TAMS 0x00000000b4700000| PB 0x00000000b4700000| Complete 
| 328|0x00000000b4800000, 0x00000000b4900000, 0x00000000b4900000|100%| E|CS|TAMS 0x00000000b4800000| PB 0x00000000b4800000| Complete 
| 329|0x00000000b4900000, 0x00000000b4a00000, 0x00000000b4a00000|100%| E|CS|TAMS 0x00000000b4900000| PB 0x00000000b4900000| Complete 
| 330|0x00000000b4a00000, 0x00000000b4b00000, 0x00000000b4b00000|100%| E|CS|TAMS 0x00000000b4a00000| PB 0x00000000b4a00000| Complete 
| 331|0x00000000b4b00000, 0x00000000b4c00000, 0x00000000b4c00000|100%| E|CS|TAMS 0x00000000b4b00000| PB 0x00000000b4b00000| Complete 
| 332|0x00000000b4c00000, 0x00000000b4d00000, 0x00000000b4d00000|100%| E|CS|TAMS 0x00000000b4c00000| PB 0x00000000b4c00000| Complete 
| 333|0x00000000b4d00000, 0x00000000b4e00000, 0x00000000b4e00000|100%| E|CS|TAMS 0x00000000b4d00000| PB 0x00000000b4d00000| Complete 
| 334|0x00000000b4e00000, 0x00000000b4f00000, 0x00000000b4f00000|100%| E|CS|TAMS 0x00000000b4e00000| PB 0x00000000b4e00000| Complete 
| 335|0x00000000b4f00000, 0x00000000b5000000, 0x00000000b5000000|100%| E|CS|TAMS 0x00000000b4f00000| PB 0x00000000b4f00000| Complete 
| 336|0x00000000b5000000, 0x00000000b5100000, 0x00000000b5100000|100%| E|CS|TAMS 0x00000000b5000000| PB 0x00000000b5000000| Complete 
| 337|0x00000000b5100000, 0x00000000b5200000, 0x00000000b5200000|100%| E|CS|TAMS 0x00000000b5100000| PB 0x00000000b5100000| Complete 
| 338|0x00000000b5200000, 0x00000000b5300000, 0x00000000b5300000|100%| E|CS|TAMS 0x00000000b5200000| PB 0x00000000b5200000| Complete 
| 339|0x00000000b5300000, 0x00000000b5400000, 0x00000000b5400000|100%| E|CS|TAMS 0x00000000b5300000| PB 0x00000000b5300000| Complete 
| 340|0x00000000b5400000, 0x00000000b5500000, 0x00000000b5500000|100%| E|CS|TAMS 0x00000000b5400000| PB 0x00000000b5400000| Complete 
| 341|0x00000000b5500000, 0x00000000b5600000, 0x00000000b5600000|100%| E|CS|TAMS 0x00000000b5500000| PB 0x00000000b5500000| Complete 
| 342|0x00000000b5600000, 0x00000000b5700000, 0x00000000b5700000|100%| E|CS|TAMS 0x00000000b5600000| PB 0x00000000b5600000| Complete 
| 343|0x00000000b5700000, 0x00000000b5800000, 0x00000000b5800000|100%| E|CS|TAMS 0x00000000b5700000| PB 0x00000000b5700000| Complete 
| 344|0x00000000b5800000, 0x00000000b5900000, 0x00000000b5900000|100%| E|CS|TAMS 0x00000000b5800000| PB 0x00000000b5800000| Complete 
| 345|0x00000000b5900000, 0x00000000b5a00000, 0x00000000b5a00000|100%| E|CS|TAMS 0x00000000b5900000| PB 0x00000000b5900000| Complete 
| 346|0x00000000b5a00000, 0x00000000b5b00000, 0x00000000b5b00000|100%| E|CS|TAMS 0x00000000b5a00000| PB 0x00000000b5a00000| Complete 
| 347|0x00000000b5b00000, 0x00000000b5c00000, 0x00000000b5c00000|100%| E|CS|TAMS 0x00000000b5b00000| PB 0x00000000b5b00000| Complete 
| 348|0x00000000b5c00000, 0x00000000b5d00000, 0x00000000b5d00000|100%| E|CS|TAMS 0x00000000b5c00000| PB 0x00000000b5c00000| Complete 
| 349|0x00000000b5d00000, 0x00000000b5e00000, 0x00000000b5e00000|100%| E|CS|TAMS 0x00000000b5d00000| PB 0x00000000b5d00000| Complete 
| 350|0x00000000b5e00000, 0x00000000b5f00000, 0x00000000b5f00000|100%| E|CS|TAMS 0x00000000b5e00000| PB 0x00000000b5e00000| Complete 
| 351|0x00000000b5f00000, 0x00000000b6000000, 0x00000000b6000000|100%| E|CS|TAMS 0x00000000b5f00000| PB 0x00000000b5f00000| Complete 
| 352|0x00000000b6000000, 0x00000000b6100000, 0x00000000b6100000|100%| E|CS|TAMS 0x00000000b6000000| PB 0x00000000b6000000| Complete 
| 353|0x00000000b6100000, 0x00000000b6200000, 0x00000000b6200000|100%| E|CS|TAMS 0x00000000b6100000| PB 0x00000000b6100000| Complete 
| 354|0x00000000b6200000, 0x00000000b6300000, 0x00000000b6300000|100%| E|CS|TAMS 0x00000000b6200000| PB 0x00000000b6200000| Complete 
| 355|0x00000000b6300000, 0x00000000b6400000, 0x00000000b6400000|100%| E|CS|TAMS 0x00000000b6300000| PB 0x00000000b6300000| Complete 
| 356|0x00000000b6400000, 0x00000000b6500000, 0x00000000b6500000|100%| E|CS|TAMS 0x00000000b6400000| PB 0x00000000b6400000| Complete 
| 357|0x00000000b6500000, 0x00000000b6600000, 0x00000000b6600000|100%| E|CS|TAMS 0x00000000b6500000| PB 0x00000000b6500000| Complete 
| 358|0x00000000b6600000, 0x00000000b6700000, 0x00000000b6700000|100%| E|CS|TAMS 0x00000000b6600000| PB 0x00000000b6600000| Complete 
| 359|0x00000000b6700000, 0x00000000b6800000, 0x00000000b6800000|100%| E|CS|TAMS 0x00000000b6700000| PB 0x00000000b6700000| Complete 
| 360|0x00000000b6800000, 0x00000000b6900000, 0x00000000b6900000|100%| E|CS|TAMS 0x00000000b6800000| PB 0x00000000b6800000| Complete 
| 361|0x00000000b6900000, 0x00000000b6a00000, 0x00000000b6a00000|100%| E|CS|TAMS 0x00000000b6900000| PB 0x00000000b6900000| Complete 
| 362|0x00000000b6a00000, 0x00000000b6b00000, 0x00000000b6b00000|100%| E|CS|TAMS 0x00000000b6a00000| PB 0x00000000b6a00000| Complete 
| 363|0x00000000b6b00000, 0x00000000b6c00000, 0x00000000b6c00000|100%| E|CS|TAMS 0x00000000b6b00000| PB 0x00000000b6b00000| Complete 
| 364|0x00000000b6c00000, 0x00000000b6d00000, 0x00000000b6d00000|100%| E|CS|TAMS 0x00000000b6c00000| PB 0x00000000b6c00000| Complete 
| 365|0x00000000b6d00000, 0x00000000b6e00000, 0x00000000b6e00000|100%| E|CS|TAMS 0x00000000b6d00000| PB 0x00000000b6d00000| Complete 
| 366|0x00000000b6e00000, 0x00000000b6f00000, 0x00000000b6f00000|100%| E|CS|TAMS 0x00000000b6e00000| PB 0x00000000b6e00000| Complete 
| 367|0x00000000b6f00000, 0x00000000b7000000, 0x00000000b7000000|100%| E|CS|TAMS 0x00000000b6f00000| PB 0x00000000b6f00000| Complete 
| 368|0x00000000b7000000, 0x00000000b7100000, 0x00000000b7100000|100%| E|CS|TAMS 0x00000000b7000000| PB 0x00000000b7000000| Complete 
| 369|0x00000000b7100000, 0x00000000b7200000, 0x00000000b7200000|100%| E|CS|TAMS 0x00000000b7100000| PB 0x00000000b7100000| Complete 
| 370|0x00000000b7200000, 0x00000000b7300000, 0x00000000b7300000|100%| E|CS|TAMS 0x00000000b7200000| PB 0x00000000b7200000| Complete 
| 371|0x00000000b7300000, 0x00000000b7400000, 0x00000000b7400000|100%| E|CS|TAMS 0x00000000b7300000| PB 0x00000000b7300000| Complete 
| 372|0x00000000b7400000, 0x00000000b7500000, 0x00000000b7500000|100%| E|CS|TAMS 0x00000000b7400000| PB 0x00000000b7400000| Complete 
| 373|0x00000000b7500000, 0x00000000b7600000, 0x00000000b7600000|100%| E|CS|TAMS 0x00000000b7500000| PB 0x00000000b7500000| Complete 
| 374|0x00000000b7600000, 0x00000000b7700000, 0x00000000b7700000|100%| E|CS|TAMS 0x00000000b7600000| PB 0x00000000b7600000| Complete 
| 375|0x00000000b7700000, 0x00000000b7800000, 0x00000000b7800000|100%| E|CS|TAMS 0x00000000b7700000| PB 0x00000000b7700000| Complete 
| 376|0x00000000b7800000, 0x00000000b7900000, 0x00000000b7900000|100%| E|CS|TAMS 0x00000000b7800000| PB 0x00000000b7800000| Complete 
| 377|0x00000000b7900000, 0x00000000b7a00000, 0x00000000b7a00000|100%| E|CS|TAMS 0x00000000b7900000| PB 0x00000000b7900000| Complete 
| 378|0x00000000b7a00000, 0x00000000b7b00000, 0x00000000b7b00000|100%| E|CS|TAMS 0x00000000b7a00000| PB 0x00000000b7a00000| Complete 
| 379|0x00000000b7b00000, 0x00000000b7c00000, 0x00000000b7c00000|100%| E|CS|TAMS 0x00000000b7b00000| PB 0x00000000b7b00000| Complete 
| 380|0x00000000b7c00000, 0x00000000b7d00000, 0x00000000b7d00000|100%| E|CS|TAMS 0x00000000b7c00000| PB 0x00000000b7c00000| Complete 
| 381|0x00000000b7d00000, 0x00000000b7e00000, 0x00000000b7e00000|100%| E|CS|TAMS 0x00000000b7d00000| PB 0x00000000b7d00000| Complete 
| 382|0x00000000b7e00000, 0x00000000b7f00000, 0x00000000b7f00000|100%| E|CS|TAMS 0x00000000b7e00000| PB 0x00000000b7e00000| Complete 
| 383|0x00000000b7f00000, 0x00000000b8000000, 0x00000000b8000000|100%| E|CS|TAMS 0x00000000b7f00000| PB 0x00000000b7f00000| Complete 
| 384|0x00000000b8000000, 0x00000000b8100000, 0x00000000b8100000|100%| E|CS|TAMS 0x00000000b8000000| PB 0x00000000b8000000| Complete 
| 385|0x00000000b8100000, 0x00000000b8200000, 0x00000000b8200000|100%| E|CS|TAMS 0x00000000b8100000| PB 0x00000000b8100000| Complete 
| 386|0x00000000b8200000, 0x00000000b8300000, 0x00000000b8300000|100%| E|CS|TAMS 0x00000000b8200000| PB 0x00000000b8200000| Complete 
| 387|0x00000000b8300000, 0x00000000b8400000, 0x00000000b8400000|100%| E|CS|TAMS 0x00000000b8300000| PB 0x00000000b8300000| Complete 
| 388|0x00000000b8400000, 0x00000000b8500000, 0x00000000b8500000|100%| E|CS|TAMS 0x00000000b8400000| PB 0x00000000b8400000| Complete 
| 389|0x00000000b8500000, 0x00000000b8600000, 0x00000000b8600000|100%| E|CS|TAMS 0x00000000b8500000| PB 0x00000000b8500000| Complete 
| 390|0x00000000b8600000, 0x00000000b8700000, 0x00000000b8700000|100%| E|CS|TAMS 0x00000000b8600000| PB 0x00000000b8600000| Complete 
| 391|0x00000000b8700000, 0x00000000b8800000, 0x00000000b8800000|100%| E|CS|TAMS 0x00000000b8700000| PB 0x00000000b8700000| Complete 
| 392|0x00000000b8800000, 0x00000000b8900000, 0x00000000b8900000|100%| E|CS|TAMS 0x00000000b8800000| PB 0x00000000b8800000| Complete 
| 393|0x00000000b8900000, 0x00000000b8a00000, 0x00000000b8a00000|100%| E|CS|TAMS 0x00000000b8900000| PB 0x00000000b8900000| Complete 
| 394|0x00000000b8a00000, 0x00000000b8b00000, 0x00000000b8b00000|100%| E|CS|TAMS 0x00000000b8a00000| PB 0x00000000b8a00000| Complete 
| 395|0x00000000b8b00000, 0x00000000b8c00000, 0x00000000b8c00000|100%| E|CS|TAMS 0x00000000b8b00000| PB 0x00000000b8b00000| Complete 
| 396|0x00000000b8c00000, 0x00000000b8d00000, 0x00000000b8d00000|100%| E|CS|TAMS 0x00000000b8c00000| PB 0x00000000b8c00000| Complete 
| 397|0x00000000b8d00000, 0x00000000b8e00000, 0x00000000b8e00000|100%| E|CS|TAMS 0x00000000b8d00000| PB 0x00000000b8d00000| Complete 
| 398|0x00000000b8e00000, 0x00000000b8f00000, 0x00000000b8f00000|100%| E|CS|TAMS 0x00000000b8e00000| PB 0x00000000b8e00000| Complete 
| 399|0x00000000b8f00000, 0x00000000b9000000, 0x00000000b9000000|100%| E|CS|TAMS 0x00000000b8f00000| PB 0x00000000b8f00000| Complete 
| 400|0x00000000b9000000, 0x00000000b9100000, 0x00000000b9100000|100%| E|CS|TAMS 0x00000000b9000000| PB 0x00000000b9000000| Complete 
| 401|0x00000000b9100000, 0x00000000b9200000, 0x00000000b9200000|100%| E|CS|TAMS 0x00000000b9100000| PB 0x00000000b9100000| Complete 
| 402|0x00000000b9200000, 0x00000000b9300000, 0x00000000b9300000|100%| E|CS|TAMS 0x00000000b9200000| PB 0x00000000b9200000| Complete 
| 403|0x00000000b9300000, 0x00000000b9400000, 0x00000000b9400000|100%| E|CS|TAMS 0x00000000b9300000| PB 0x00000000b9300000| Complete 
| 404|0x00000000b9400000, 0x00000000b9500000, 0x00000000b9500000|100%| E|CS|TAMS 0x00000000b9400000| PB 0x00000000b9400000| Complete 
| 405|0x00000000b9500000, 0x00000000b9600000, 0x00000000b9600000|100%| E|CS|TAMS 0x00000000b9500000| PB 0x00000000b9500000| Complete 
| 406|0x00000000b9600000, 0x00000000b9700000, 0x00000000b9700000|100%| E|CS|TAMS 0x00000000b9600000| PB 0x00000000b9600000| Complete 
| 407|0x00000000b9700000, 0x00000000b9800000, 0x00000000b9800000|100%| E|CS|TAMS 0x00000000b9700000| PB 0x00000000b9700000| Complete 
| 408|0x00000000b9800000, 0x00000000b9900000, 0x00000000b9900000|100%| E|CS|TAMS 0x00000000b9800000| PB 0x00000000b9800000| Complete 
| 409|0x00000000b9900000, 0x00000000b9a00000, 0x00000000b9a00000|100%| E|CS|TAMS 0x00000000b9900000| PB 0x00000000b9900000| Complete 
| 410|0x00000000b9a00000, 0x00000000b9b00000, 0x00000000b9b00000|100%| E|CS|TAMS 0x00000000b9a00000| PB 0x00000000b9a00000| Complete 
| 411|0x00000000b9b00000, 0x00000000b9c00000, 0x00000000b9c00000|100%| E|CS|TAMS 0x00000000b9b00000| PB 0x00000000b9b00000| Complete 
| 412|0x00000000b9c00000, 0x00000000b9d00000, 0x00000000b9d00000|100%| E|CS|TAMS 0x00000000b9c00000| PB 0x00000000b9c00000| Complete 
| 413|0x00000000b9d00000, 0x00000000b9e00000, 0x00000000b9e00000|100%| E|CS|TAMS 0x00000000b9d00000| PB 0x00000000b9d00000| Complete 
| 414|0x00000000b9e00000, 0x00000000b9f00000, 0x00000000b9f00000|100%| E|CS|TAMS 0x00000000b9e00000| PB 0x00000000b9e00000| Complete 
| 415|0x00000000b9f00000, 0x00000000ba000000, 0x00000000ba000000|100%| E|CS|TAMS 0x00000000b9f00000| PB 0x00000000b9f00000| Complete 
| 416|0x00000000ba000000, 0x00000000ba100000, 0x00000000ba100000|100%| E|CS|TAMS 0x00000000ba000000| PB 0x00000000ba000000| Complete 
| 417|0x00000000ba100000, 0x00000000ba200000, 0x00000000ba200000|100%| E|CS|TAMS 0x00000000ba100000| PB 0x00000000ba100000| Complete 
| 418|0x00000000ba200000, 0x00000000ba300000, 0x00000000ba300000|100%| E|CS|TAMS 0x00000000ba200000| PB 0x00000000ba200000| Complete 
| 419|0x00000000ba300000, 0x00000000ba400000, 0x00000000ba400000|100%| E|CS|TAMS 0x00000000ba300000| PB 0x00000000ba300000| Complete 
| 420|0x00000000ba400000, 0x00000000ba500000, 0x00000000ba500000|100%| E|CS|TAMS 0x00000000ba400000| PB 0x00000000ba400000| Complete 
| 421|0x00000000ba500000, 0x00000000ba600000, 0x00000000ba600000|100%| E|CS|TAMS 0x00000000ba500000| PB 0x00000000ba500000| Complete 
| 422|0x00000000ba600000, 0x00000000ba700000, 0x00000000ba700000|100%| E|CS|TAMS 0x00000000ba600000| PB 0x00000000ba600000| Complete 
| 423|0x00000000ba700000, 0x00000000ba800000, 0x00000000ba800000|100%| E|CS|TAMS 0x00000000ba700000| PB 0x00000000ba700000| Complete 
| 424|0x00000000ba800000, 0x00000000ba900000, 0x00000000ba900000|100%| E|CS|TAMS 0x00000000ba800000| PB 0x00000000ba800000| Complete 
| 425|0x00000000ba900000, 0x00000000baa00000, 0x00000000baa00000|100%| E|CS|TAMS 0x00000000ba900000| PB 0x00000000ba900000| Complete 
| 426|0x00000000baa00000, 0x00000000bab00000, 0x00000000bab00000|100%| E|CS|TAMS 0x00000000baa00000| PB 0x00000000baa00000| Complete 
| 427|0x00000000bab00000, 0x00000000bac00000, 0x00000000bac00000|100%| E|CS|TAMS 0x00000000bab00000| PB 0x00000000bab00000| Complete 
| 428|0x00000000bac00000, 0x00000000bad00000, 0x00000000bad00000|100%| E|CS|TAMS 0x00000000bac00000| PB 0x00000000bac00000| Complete 
| 429|0x00000000bad00000, 0x00000000bae00000, 0x00000000bae00000|100%| E|CS|TAMS 0x00000000bad00000| PB 0x00000000bad00000| Complete 
| 430|0x00000000bae00000, 0x00000000baf00000, 0x00000000baf00000|100%| E|CS|TAMS 0x00000000bae00000| PB 0x00000000bae00000| Complete 
| 431|0x00000000baf00000, 0x00000000bb000000, 0x00000000bb000000|100%| E|CS|TAMS 0x00000000baf00000| PB 0x00000000baf00000| Complete 
| 432|0x00000000bb000000, 0x00000000bb100000, 0x00000000bb100000|100%| E|CS|TAMS 0x00000000bb000000| PB 0x00000000bb000000| Complete 
| 433|0x00000000bb100000, 0x00000000bb200000, 0x00000000bb200000|100%| E|CS|TAMS 0x00000000bb100000| PB 0x00000000bb100000| Complete 
| 434|0x00000000bb200000, 0x00000000bb300000, 0x00000000bb300000|100%| E|CS|TAMS 0x00000000bb200000| PB 0x00000000bb200000| Complete 
| 435|0x00000000bb300000, 0x00000000bb400000, 0x00000000bb400000|100%| E|CS|TAMS 0x00000000bb300000| PB 0x00000000bb300000| Complete 
| 436|0x00000000bb400000, 0x00000000bb500000, 0x00000000bb500000|100%| E|CS|TAMS 0x00000000bb400000| PB 0x00000000bb400000| Complete 
| 437|0x00000000bb500000, 0x00000000bb600000, 0x00000000bb600000|100%| E|CS|TAMS 0x00000000bb500000| PB 0x00000000bb500000| Complete 
| 438|0x00000000bb600000, 0x00000000bb700000, 0x00000000bb700000|100%| E|CS|TAMS 0x00000000bb600000| PB 0x00000000bb600000| Complete 
| 439|0x00000000bb700000, 0x00000000bb800000, 0x00000000bb800000|100%| E|CS|TAMS 0x00000000bb700000| PB 0x00000000bb700000| Complete 
| 440|0x00000000bb800000, 0x00000000bb900000, 0x00000000bb900000|100%| E|CS|TAMS 0x00000000bb800000| PB 0x00000000bb800000| Complete 
| 441|0x00000000bb900000, 0x00000000bba00000, 0x00000000bba00000|100%| E|CS|TAMS 0x00000000bb900000| PB 0x00000000bb900000| Complete 
| 442|0x00000000bba00000, 0x00000000bbb00000, 0x00000000bbb00000|100%| E|CS|TAMS 0x00000000bba00000| PB 0x00000000bba00000| Complete 
| 443|0x00000000bbb00000, 0x00000000bbc00000, 0x00000000bbc00000|100%| E|CS|TAMS 0x00000000bbb00000| PB 0x00000000bbb00000| Complete 
| 444|0x00000000bbc00000, 0x00000000bbd00000, 0x00000000bbd00000|100%| E|CS|TAMS 0x00000000bbc00000| PB 0x00000000bbc00000| Complete 
| 445|0x00000000bbd00000, 0x00000000bbe00000, 0x00000000bbe00000|100%| E|CS|TAMS 0x00000000bbd00000| PB 0x00000000bbd00000| Complete 
| 446|0x00000000bbe00000, 0x00000000bbf00000, 0x00000000bbf00000|100%| E|CS|TAMS 0x00000000bbe00000| PB 0x00000000bbe00000| Complete 
| 447|0x00000000bbf00000, 0x00000000bc000000, 0x00000000bc000000|100%| E|CS|TAMS 0x00000000bbf00000| PB 0x00000000bbf00000| Complete 
| 448|0x00000000bc000000, 0x00000000bc100000, 0x00000000bc100000|100%| E|CS|TAMS 0x00000000bc000000| PB 0x00000000bc000000| Complete 
| 449|0x00000000bc100000, 0x00000000bc200000, 0x00000000bc200000|100%| E|CS|TAMS 0x00000000bc100000| PB 0x00000000bc100000| Complete 
| 450|0x00000000bc200000, 0x00000000bc300000, 0x00000000bc300000|100%| E|CS|TAMS 0x00000000bc200000| PB 0x00000000bc200000| Complete 
| 451|0x00000000bc300000, 0x00000000bc400000, 0x00000000bc400000|100%| E|CS|TAMS 0x00000000bc300000| PB 0x00000000bc300000| Complete 
| 452|0x00000000bc400000, 0x00000000bc500000, 0x00000000bc500000|100%| E|CS|TAMS 0x00000000bc400000| PB 0x00000000bc400000| Complete 
| 453|0x00000000bc500000, 0x00000000bc600000, 0x00000000bc600000|100%| E|CS|TAMS 0x00000000bc500000| PB 0x00000000bc500000| Complete 
| 454|0x00000000bc600000, 0x00000000bc700000, 0x00000000bc700000|100%| E|CS|TAMS 0x00000000bc600000| PB 0x00000000bc600000| Complete 
| 455|0x00000000bc700000, 0x00000000bc800000, 0x00000000bc800000|100%| E|CS|TAMS 0x00000000bc700000| PB 0x00000000bc700000| Complete 
| 456|0x00000000bc800000, 0x00000000bc900000, 0x00000000bc900000|100%|HS|  |TAMS 0x00000000bc800000| PB 0x00000000bc800000| Complete 
| 457|0x00000000bc900000, 0x00000000bca00000, 0x00000000bca00000|100%|HC|  |TAMS 0x00000000bc900000| PB 0x00000000bc900000| Complete 
| 458|0x00000000bca00000, 0x00000000bcb00000, 0x00000000bcb00000|100%|HS|  |TAMS 0x00000000bca00000| PB 0x00000000bca00000| Complete 
| 459|0x00000000bcb00000, 0x00000000bcc00000, 0x00000000bcc00000|100%|HC|  |TAMS 0x00000000bcb00000| PB 0x00000000bcb00000| Complete 
| 460|0x00000000bcc00000, 0x00000000bcd00000, 0x00000000bcd00000|100%|HS|  |TAMS 0x00000000bcc00000| PB 0x00000000bcc00000| Complete 
| 461|0x00000000bcd00000, 0x00000000bce00000, 0x00000000bce00000|100%|HC|  |TAMS 0x00000000bcd00000| PB 0x00000000bcd00000| Complete 
| 462|0x00000000bce00000, 0x00000000bcf00000, 0x00000000bcf00000|100%|HS|  |TAMS 0x00000000bce00000| PB 0x00000000bce00000| Complete 
| 463|0x00000000bcf00000, 0x00000000bd000000, 0x00000000bd000000|100%|HC|  |TAMS 0x00000000bcf00000| PB 0x00000000bcf00000| Complete 
| 464|0x00000000bd000000, 0x00000000bd100000, 0x00000000bd100000|100%|HS|  |TAMS 0x00000000bd000000| PB 0x00000000bd000000| Complete 
| 465|0x00000000bd100000, 0x00000000bd200000, 0x00000000bd200000|100%|HC|  |TAMS 0x00000000bd100000| PB 0x00000000bd100000| Complete 
| 466|0x00000000bd200000, 0x00000000bd300000, 0x00000000bd300000|100%|HS|  |TAMS 0x00000000bd200000| PB 0x00000000bd200000| Complete 
| 467|0x00000000bd300000, 0x00000000bd400000, 0x00000000bd400000|100%|HC|  |TAMS 0x00000000bd300000| PB 0x00000000bd300000| Complete 
| 468|0x00000000bd400000, 0x00000000bd500000, 0x00000000bd500000|100%|HS|  |TAMS 0x00000000bd400000| PB 0x00000000bd400000| Complete 
| 469|0x00000000bd500000, 0x00000000bd600000, 0x00000000bd600000|100%|HC|  |TAMS 0x00000000bd500000| PB 0x00000000bd500000| Complete 
| 470|0x00000000bd600000, 0x00000000bd700000, 0x00000000bd700000|100%|HS|  |TAMS 0x00000000bd600000| PB 0x00000000bd600000| Complete 
| 471|0x00000000bd700000, 0x00000000bd800000, 0x00000000bd800000|100%|HC|  |TAMS 0x00000000bd700000| PB 0x00000000bd700000| Complete 
| 472|0x00000000bd800000, 0x00000000bd900000, 0x00000000bd900000|100%|HS|  |TAMS 0x00000000bd800000| PB 0x00000000bd800000| Complete 
| 473|0x00000000bd900000, 0x00000000bda00000, 0x00000000bda00000|100%|HC|  |TAMS 0x00000000bd900000| PB 0x00000000bd900000| Complete 
| 474|0x00000000bda00000, 0x00000000bdb00000, 0x00000000bdb00000|100%|HS|  |TAMS 0x00000000bda00000| PB 0x00000000bda00000| Complete 
| 475|0x00000000bdb00000, 0x00000000bdc00000, 0x00000000bdc00000|100%|HC|  |TAMS 0x00000000bdb00000| PB 0x00000000bdb00000| Complete 
| 476|0x00000000bdc00000, 0x00000000bdd00000, 0x00000000bdd00000|100%|HS|  |TAMS 0x00000000bdc00000| PB 0x00000000bdc00000| Complete 
| 477|0x00000000bdd00000, 0x00000000bde00000, 0x00000000bde00000|100%|HC|  |TAMS 0x00000000bdd00000| PB 0x00000000bdd00000| Complete 
| 478|0x00000000bde00000, 0x00000000bdf00000, 0x00000000bdf00000|100%|HS|  |TAMS 0x00000000bde00000| PB 0x00000000bde00000| Complete 
| 479|0x00000000bdf00000, 0x00000000be000000, 0x00000000be000000|100%|HC|  |TAMS 0x00000000bdf00000| PB 0x00000000bdf00000| Complete 
| 480|0x00000000be000000, 0x00000000be100000, 0x00000000be100000|100%|HS|  |TAMS 0x00000000be000000| PB 0x00000000be000000| Complete 
| 481|0x00000000be100000, 0x00000000be200000, 0x00000000be200000|100%|HC|  |TAMS 0x00000000be100000| PB 0x00000000be100000| Complete 
| 482|0x00000000be200000, 0x00000000be300000, 0x00000000be300000|100%|HS|  |TAMS 0x00000000be200000| PB 0x00000000be200000| Complete 
| 483|0x00000000be300000, 0x00000000be400000, 0x00000000be400000|100%|HC|  |TAMS 0x00000000be300000| PB 0x00000000be300000| Complete 
| 484|0x00000000be400000, 0x00000000be500000, 0x00000000be500000|100%|HS|  |TAMS 0x00000000be400000| PB 0x00000000be400000| Complete 
| 485|0x00000000be500000, 0x00000000be600000, 0x00000000be600000|100%|HC|  |TAMS 0x00000000be500000| PB 0x00000000be500000| Complete 
| 486|0x00000000be600000, 0x00000000be700000, 0x00000000be700000|100%|HS|  |TAMS 0x00000000be600000| PB 0x00000000be600000| Complete 
| 487|0x00000000be700000, 0x00000000be800000, 0x00000000be800000|100%|HC|  |TAMS 0x00000000be700000| PB 0x00000000be700000| Complete 
| 488|0x00000000be800000, 0x00000000be900000, 0x00000000be900000|100%|HS|  |TAMS 0x00000000be800000| PB 0x00000000be800000| Complete 
| 489|0x00000000be900000, 0x00000000bea00000, 0x00000000bea00000|100%|HC|  |TAMS 0x00000000be900000| PB 0x00000000be900000| Complete 
| 490|0x00000000bea00000, 0x00000000beb00000, 0x00000000beb00000|100%|HS|  |TAMS 0x00000000bea00000| PB 0x00000000bea00000| Complete 
| 491|0x00000000beb00000, 0x00000000bec00000, 0x00000000bec00000|100%|HC|  |TAMS 0x00000000beb00000| PB 0x00000000beb00000| Complete 
| 492|0x00000000bec00000, 0x00000000bed00000, 0x00000000bed00000|100%|HS|  |TAMS 0x00000000bec00000| PB 0x00000000bec00000| Complete 
| 493|0x00000000bed00000, 0x00000000bee00000, 0x00000000bee00000|100%|HC|  |TAMS 0x00000000bed00000| PB 0x00000000bed00000| Complete 
| 494|0x00000000bee00000, 0x00000000bef00000, 0x00000000bef00000|100%|HS|  |TAMS 0x00000000bee00000| PB 0x00000000bee00000| Complete 
| 495|0x00000000bef00000, 0x00000000bf000000, 0x00000000bf000000|100%|HC|  |TAMS 0x00000000bef00000| PB 0x00000000bef00000| Complete 
| 496|0x00000000bf000000, 0x00000000bf100000, 0x00000000bf100000|100%|HS|  |TAMS 0x00000000bf000000| PB 0x00000000bf000000| Complete 
| 497|0x00000000bf100000, 0x00000000bf200000, 0x00000000bf200000|100%|HC|  |TAMS 0x00000000bf100000| PB 0x00000000bf100000| Complete 
| 498|0x00000000bf200000, 0x00000000bf300000, 0x00000000bf300000|100%|HS|  |TAMS 0x00000000bf200000| PB 0x00000000bf200000| Complete 
| 499|0x00000000bf300000, 0x00000000bf400000, 0x00000000bf400000|100%|HC|  |TAMS 0x00000000bf300000| PB 0x00000000bf300000| Complete 
| 500|0x00000000bf400000, 0x00000000bf500000, 0x00000000bf500000|100%|HS|  |TAMS 0x00000000bf400000| PB 0x00000000bf400000| Complete 
| 501|0x00000000bf500000, 0x00000000bf600000, 0x00000000bf600000|100%|HC|  |TAMS 0x00000000bf500000| PB 0x00000000bf500000| Complete 
| 502|0x00000000bf600000, 0x00000000bf700000, 0x00000000bf700000|100%|HS|  |TAMS 0x00000000bf600000| PB 0x00000000bf600000| Complete 
| 503|0x00000000bf700000, 0x00000000bf800000, 0x00000000bf800000|100%|HC|  |TAMS 0x00000000bf700000| PB 0x00000000bf700000| Complete 
| 504|0x00000000bf800000, 0x00000000bf900000, 0x00000000bf900000|100%|HS|  |TAMS 0x00000000bf800000| PB 0x00000000bf800000| Complete 
| 505|0x00000000bf900000, 0x00000000bfa00000, 0x00000000bfa00000|100%|HC|  |TAMS 0x00000000bf900000| PB 0x00000000bf900000| Complete 
| 506|0x00000000bfa00000, 0x00000000bfb00000, 0x00000000bfb00000|100%|HS|  |TAMS 0x00000000bfa00000| PB 0x00000000bfa00000| Complete 
| 507|0x00000000bfb00000, 0x00000000bfc00000, 0x00000000bfc00000|100%|HC|  |TAMS 0x00000000bfb00000| PB 0x00000000bfb00000| Complete 
| 508|0x00000000bfc00000, 0x00000000bfd00000, 0x00000000bfd00000|100%|HS|  |TAMS 0x00000000bfc00000| PB 0x00000000bfc00000| Complete 
| 509|0x00000000bfd00000, 0x00000000bfe00000, 0x00000000bfe00000|100%|HC|  |TAMS 0x00000000bfd00000| PB 0x00000000bfd00000| Complete 
| 510|0x00000000bfe00000, 0x00000000bff00000, 0x00000000bff00000|100%|HS|  |TAMS 0x00000000bfe00000| PB 0x00000000bfe00000| Complete 
| 511|0x00000000bff00000, 0x00000000c0000000, 0x00000000c0000000|100%|HC|  |TAMS 0x00000000bff00000| PB 0x00000000bff00000| Complete 
| 512|0x00000000c0000000, 0x00000000c0100000, 0x00000000c0100000|100%|HS|  |TAMS 0x00000000c0000000| PB 0x00000000c0000000| Complete 
| 513|0x00000000c0100000, 0x00000000c0200000, 0x00000000c0200000|100%|HC|  |TAMS 0x00000000c0100000| PB 0x00000000c0100000| Complete 
| 514|0x00000000c0200000, 0x00000000c0300000, 0x00000000c0300000|100%|HS|  |TAMS 0x00000000c0200000| PB 0x00000000c0200000| Complete 
| 515|0x00000000c0300000, 0x00000000c0400000, 0x00000000c0400000|100%|HC|  |TAMS 0x00000000c0300000| PB 0x00000000c0300000| Complete 
| 516|0x00000000c0400000, 0x00000000c0500000, 0x00000000c0500000|100%|HS|  |TAMS 0x00000000c0400000| PB 0x00000000c0400000| Complete 
| 517|0x00000000c0500000, 0x00000000c0600000, 0x00000000c0600000|100%|HC|  |TAMS 0x00000000c0500000| PB 0x00000000c0500000| Complete 
| 518|0x00000000c0600000, 0x00000000c0700000, 0x00000000c0700000|100%|HS|  |TAMS 0x00000000c0600000| PB 0x00000000c0600000| Complete 
| 519|0x00000000c0700000, 0x00000000c0800000, 0x00000000c0800000|100%|HC|  |TAMS 0x00000000c0700000| PB 0x00000000c0700000| Complete 
| 520|0x00000000c0800000, 0x00000000c0900000, 0x00000000c0900000|100%|HS|  |TAMS 0x00000000c0800000| PB 0x00000000c0800000| Complete 
| 521|0x00000000c0900000, 0x00000000c0a00000, 0x00000000c0a00000|100%|HC|  |TAMS 0x00000000c0900000| PB 0x00000000c0900000| Complete 
| 522|0x00000000c0a00000, 0x00000000c0b00000, 0x00000000c0b00000|100%|HS|  |TAMS 0x00000000c0a00000| PB 0x00000000c0a00000| Complete 
| 523|0x00000000c0b00000, 0x00000000c0c00000, 0x00000000c0c00000|100%|HC|  |TAMS 0x00000000c0b00000| PB 0x00000000c0b00000| Complete 
| 524|0x00000000c0c00000, 0x00000000c0d00000, 0x00000000c0d00000|100%|HS|  |TAMS 0x00000000c0c00000| PB 0x00000000c0c00000| Complete 
| 525|0x00000000c0d00000, 0x00000000c0e00000, 0x00000000c0e00000|100%|HC|  |TAMS 0x00000000c0d00000| PB 0x00000000c0d00000| Complete 
| 526|0x00000000c0e00000, 0x00000000c0f00000, 0x00000000c0f00000|100%|HS|  |TAMS 0x00000000c0e00000| PB 0x00000000c0e00000| Complete 
| 527|0x00000000c0f00000, 0x00000000c1000000, 0x00000000c1000000|100%|HC|  |TAMS 0x00000000c0f00000| PB 0x00000000c0f00000| Complete 
| 528|0x00000000c1000000, 0x00000000c1100000, 0x00000000c1100000|100%|HS|  |TAMS 0x00000000c1000000| PB 0x00000000c1000000| Complete 
| 529|0x00000000c1100000, 0x00000000c1200000, 0x00000000c1200000|100%|HC|  |TAMS 0x00000000c1100000| PB 0x00000000c1100000| Complete 
| 530|0x00000000c1200000, 0x00000000c1300000, 0x00000000c1300000|100%|HS|  |TAMS 0x00000000c1200000| PB 0x00000000c1200000| Complete 
| 531|0x00000000c1300000, 0x00000000c1400000, 0x00000000c1400000|100%|HC|  |TAMS 0x00000000c1300000| PB 0x00000000c1300000| Complete 
| 532|0x00000000c1400000, 0x00000000c1500000, 0x00000000c1500000|100%|HS|  |TAMS 0x00000000c1400000| PB 0x00000000c1400000| Complete 
| 533|0x00000000c1500000, 0x00000000c1600000, 0x00000000c1600000|100%|HC|  |TAMS 0x00000000c1500000| PB 0x00000000c1500000| Complete 
| 534|0x00000000c1600000, 0x00000000c1700000, 0x00000000c1700000|100%|HS|  |TAMS 0x00000000c1600000| PB 0x00000000c1600000| Complete 
| 535|0x00000000c1700000, 0x00000000c1800000, 0x00000000c1800000|100%|HC|  |TAMS 0x00000000c1700000| PB 0x00000000c1700000| Complete 
| 536|0x00000000c1800000, 0x00000000c1900000, 0x00000000c1900000|100%|HS|  |TAMS 0x00000000c1800000| PB 0x00000000c1800000| Complete 
| 537|0x00000000c1900000, 0x00000000c1a00000, 0x00000000c1a00000|100%|HC|  |TAMS 0x00000000c1900000| PB 0x00000000c1900000| Complete 
| 538|0x00000000c1a00000, 0x00000000c1b00000, 0x00000000c1b00000|100%|HS|  |TAMS 0x00000000c1a00000| PB 0x00000000c1a00000| Complete 
| 539|0x00000000c1b00000, 0x00000000c1c00000, 0x00000000c1c00000|100%|HC|  |TAMS 0x00000000c1b00000| PB 0x00000000c1b00000| Complete 
| 540|0x00000000c1c00000, 0x00000000c1d00000, 0x00000000c1d00000|100%|HS|  |TAMS 0x00000000c1c00000| PB 0x00000000c1c00000| Complete 
| 541|0x00000000c1d00000, 0x00000000c1e00000, 0x00000000c1e00000|100%|HC|  |TAMS 0x00000000c1d00000| PB 0x00000000c1d00000| Complete 
| 542|0x00000000c1e00000, 0x00000000c1f00000, 0x00000000c1f00000|100%|HS|  |TAMS 0x00000000c1e00000| PB 0x00000000c1e00000| Complete 
| 543|0x00000000c1f00000, 0x00000000c2000000, 0x00000000c2000000|100%|HC|  |TAMS 0x00000000c1f00000| PB 0x00000000c1f00000| Complete 
| 544|0x00000000c2000000, 0x00000000c2100000, 0x00000000c2100000|100%|HS|  |TAMS 0x00000000c2000000| PB 0x00000000c2000000| Complete 
| 545|0x00000000c2100000, 0x00000000c2200000, 0x00000000c2200000|100%|HC|  |TAMS 0x00000000c2100000| PB 0x00000000c2100000| Complete 
| 546|0x00000000c2200000, 0x00000000c2300000, 0x00000000c2300000|100%|HS|  |TAMS 0x00000000c2200000| PB 0x00000000c2200000| Complete 
| 547|0x00000000c2300000, 0x00000000c2400000, 0x00000000c2400000|100%|HC|  |TAMS 0x00000000c2300000| PB 0x00000000c2300000| Complete 
| 548|0x00000000c2400000, 0x00000000c2500000, 0x00000000c2500000|100%|HS|  |TAMS 0x00000000c2400000| PB 0x00000000c2400000| Complete 
| 549|0x00000000c2500000, 0x00000000c2600000, 0x00000000c2600000|100%|HC|  |TAMS 0x00000000c2500000| PB 0x00000000c2500000| Complete 
| 550|0x00000000c2600000, 0x00000000c2700000, 0x00000000c2700000|100%|HS|  |TAMS 0x00000000c2600000| PB 0x00000000c2600000| Complete 
| 551|0x00000000c2700000, 0x00000000c2800000, 0x00000000c2800000|100%|HC|  |TAMS 0x00000000c2700000| PB 0x00000000c2700000| Complete 
| 552|0x00000000c2800000, 0x00000000c2900000, 0x00000000c2900000|100%|HS|  |TAMS 0x00000000c2800000| PB 0x00000000c2800000| Complete 
| 553|0x00000000c2900000, 0x00000000c2a00000, 0x00000000c2a00000|100%|HC|  |TAMS 0x00000000c2900000| PB 0x00000000c2900000| Complete 
| 554|0x00000000c2a00000, 0x00000000c2b00000, 0x00000000c2b00000|100%|HS|  |TAMS 0x00000000c2a00000| PB 0x00000000c2a00000| Complete 
| 555|0x00000000c2b00000, 0x00000000c2c00000, 0x00000000c2c00000|100%|HC|  |TAMS 0x00000000c2b00000| PB 0x00000000c2b00000| Complete 
| 556|0x00000000c2c00000, 0x00000000c2d00000, 0x00000000c2d00000|100%|HS|  |TAMS 0x00000000c2c00000| PB 0x00000000c2c00000| Complete 
| 557|0x00000000c2d00000, 0x00000000c2e00000, 0x00000000c2e00000|100%|HC|  |TAMS 0x00000000c2d00000| PB 0x00000000c2d00000| Complete 
|1527|0x00000000ff700000, 0x00000000ff800000, 0x00000000ff800000|100%| E|CS|TAMS 0x00000000ff700000| PB 0x00000000ff700000| Complete 
|1528|0x00000000ff800000, 0x00000000ff900000, 0x00000000ff900000|100%| O|  |TAMS 0x00000000ff800000| PB 0x00000000ff800000| Untracked 
|1529|0x00000000ff900000, 0x00000000ffa00000, 0x00000000ffa00000|100%| O|  |TAMS 0x00000000ff900000| PB 0x00000000ff900000| Untracked 
|1530|0x00000000ffa00000, 0x00000000ffb00000, 0x00000000ffb00000|100%| O|  |TAMS 0x00000000ffa00000| PB 0x00000000ffa00000| Untracked 
|1532|0x00000000ffc00000, 0x00000000ffd00000, 0x00000000ffd00000|100%| O|  |TAMS 0x00000000ffc00000| PB 0x00000000ffc00000| Untracked 
|1533|0x00000000ffd00000, 0x00000000ffe00000, 0x00000000ffe00000|100%| O|  |TAMS 0x00000000ffd00000| PB 0x00000000ffd00000| Untracked 
|1534|0x00000000ffe00000, 0x00000000fff00000, 0x00000000fff00000|100%| O|  |TAMS 0x00000000ffe00000| PB 0x00000000ffe00000| Untracked 
|1535|0x00000000fff00000, 0x0000000100000000, 0x0000000100000000|100%| E|CS|TAMS 0x00000000fff00000| PB 0x00000000fff00000| Complete 

Card table byte_map: [0x0000025e7cde0000,0x0000025e7d0e0000] _byte_map_base: 0x0000025e7c8e0000

Marking Bits: (CMBitMap*) 0x0000025e7947eb80
 Bits: [0x0000025e7d0e0000, 0x0000025e7e8e0000)

Polling page: 0x0000025e772c0000

Metaspace:

Usage:
  Non-class:    137.18 MB used.
      Class:     22.34 MB used.
       Both:    159.52 MB used.

Virtual space:
  Non-class space:      192.00 MB reserved,     138.06 MB ( 72%) committed,  3 nodes.
      Class space:        1.00 GB reserved,      23.12 MB (  2%) committed,  1 nodes.
             Both:        1.19 GB reserved,     161.19 MB ( 13%) committed. 

Chunk freelists:
   Non-Class:  5.98 MB
       Class:  8.73 MB
        Both:  14.70 MB

MaxMetaspaceSize: unlimited
CompressedClassSpaceSize: 1.00 GB
Initial GC threshold: 21.00 MB
Current GC threshold: 227.12 MB
CDS: off
 - commit_granule_bytes: 65536.
 - commit_granule_words: 8192.
 - virtual_space_node_default_size: 8388608.
 - enlarge_chunks_in_place: 1.
 - use_allocation_guard: 0.


Internal statistics:

num_allocs_failed_limit: 9.
num_arena_births: 5946.
num_arena_deaths: 2796.
num_vsnodes_births: 4.
num_vsnodes_deaths: 0.
num_space_committed: 2578.
num_space_uncommitted: 0.
num_chunks_returned_to_freelist: 3248.
num_chunks_taken_from_freelist: 14081.
num_chunk_merges: 1177.
num_chunk_splits: 8313.
num_chunks_enlarged: 5087.
num_inconsistent_stats: 0.

CodeHeap 'non-profiled nmethods': size=120000Kb used=17101Kb max_used=17101Kb free=102898Kb
 bounds [0x0000025e07ad0000, 0x0000025e08b90000, 0x0000025e0f000000]
CodeHeap 'profiled nmethods': size=120000Kb used=37580Kb max_used=37580Kb free=82419Kb
 bounds [0x0000025e00000000, 0x0000025e024c0000, 0x0000025e07530000]
CodeHeap 'non-nmethods': size=5760Kb used=3049Kb max_used=3128Kb free=2710Kb
 bounds [0x0000025e07530000, 0x0000025e07860000, 0x0000025e07ad0000]
CodeCache: size=245760Kb, used=57730Kb, max_used=57809Kb, free=188027Kb
 total_blobs=20561, nmethods=19443, adapters=1020, full_count=0
Compilation: enabled, stopped_count=0, restarted_count=0

Compilation events (20 events):
Event: 18828.409 Thread 0x0000025e76fe7a10 27454       3       java.util.Map$Entry$$Lambda/0x0000000100cf0580::compare (12 bytes)
Event: 18828.410 Thread 0x0000025e76fe7a10 nmethod 27454 0x0000025e024b1810 code [0x0000025e024b1a20, 0x0000025e024b20d0]
Event: 18828.410 Thread 0x0000025e76fe7a10 27455       3       java.util.Map$Entry::lambda$comparingByKey$bbdbfea9$1 (21 bytes)
Event: 18828.410 Thread 0x0000025e76fe7a10 nmethod 27455 0x0000025e024b2290 code [0x0000025e024b2480, 0x0000025e024b28b8]
Event: 18828.410 Thread 0x0000025e76fe6c70 nmethod 27450 0x0000025e08b7b710 code [0x0000025e08b7b8c0, 0x0000025e08b7ba30]
Event: 18828.410 Thread 0x0000025e76fe6c70 27456       4       org.gradle.internal.file.FileHierarchySet$Node::contains (101 bytes)
Event: 18828.410 Thread 0x0000025e76fe7a10 27457   !   3       com.android.apksig.internal.util.FileChannelDataSource::size (27 bytes)
Event: 18828.410 Thread 0x0000025e76fe7a10 nmethod 27457 0x0000025e024b2a10 code [0x0000025e024b2be0, 0x0000025e024b2df8]
Event: 18828.414 Thread 0x0000025e76fe7a10 27458       3       java.util.concurrent.atomic.AtomicLong::getAndAdd (12 bytes)
Event: 18828.414 Thread 0x0000025e76fe7a10 nmethod 27458 0x0000025e024b2f10 code [0x0000025e024b30a0, 0x0000025e024b31b8]
Event: 18828.427 Thread 0x0000025e1ad34880 nmethod 27447 0x0000025e08b7bc10 code [0x0000025e08b7bee0, 0x0000025e08b7dc78]
Event: 18828.430 Thread 0x0000025e76fe6c70 nmethod 27456 0x0000025e08b7f590 code [0x0000025e08b7f940, 0x0000025e08b81658]
Event: 18828.454 Thread 0x0000025e76fe7a10 27459       1       com.android.apksig.internal.apk.ApkSigningBlockUtils$ChunkDigests::access$400 (5 bytes)
Event: 18828.454 Thread 0x0000025e76fe7a10 nmethod 27459 0x0000025e08b82b90 code [0x0000025e08b82d20, 0x0000025e08b82dd0]
Event: 18828.459 Thread 0x0000025e76fe7a10 27460       1       com.android.apksig.internal.apk.ApkSigningBlockUtils$ChunkSupplier$Chunk::access$600 (5 bytes)
Event: 18828.459 Thread 0x0000025e76fe7a10 nmethod 27460 0x0000025e08b82e90 code [0x0000025e08b83020, 0x0000025e08b830d0]
Event: 18828.459 Thread 0x0000025e76fe7a10 27461       1       com.android.apksig.internal.apk.ApkSigningBlockUtils$ChunkSupplier$Chunk::access$700 (5 bytes)
Event: 18828.459 Thread 0x0000025e76fe7a10 nmethod 27461 0x0000025e08b83190 code [0x0000025e08b83320, 0x0000025e08b833d0]
Event: 18828.459 Thread 0x0000025e76fe7a10 27462       1       com.android.apksig.internal.apk.ApkSigningBlockUtils$ChunkSupplier$Chunk::access$800 (5 bytes)
Event: 18828.459 Thread 0x0000025e76fe7a10 nmethod 27462 0x0000025e08b83490 code [0x0000025e08b83620, 0x0000025e08b836d0]

GC Heap History (20 events):
Event: 7965.863 GC heap before
{Heap before GC invocations=61 (full 0):
 garbage-first heap   total 217088K, used 198258K [0x00000000a0000000, 0x0000000100000000)
  region size 1024K, 73 young (74752K), 5 survivors (5120K)
 Metaspace       used 118406K, committed 120640K, reserved 1179648K
  class space    used 16714K, committed 17792K, reserved 1048576K
}
Event: 7965.939 GC heap after
{Heap after GC invocations=62 (full 0):
 garbage-first heap   total 217088K, used 127698K [0x00000000a0000000, 0x0000000100000000)
  region size 1024K, 5 young (5120K), 5 survivors (5120K)
 Metaspace       used 118406K, committed 120640K, reserved 1179648K
  class space    used 16714K, committed 17792K, reserved 1048576K
}
Event: 7967.548 GC heap before
{Heap before GC invocations=62 (full 0):
 garbage-first heap   total 217088K, used 197330K [0x00000000a0000000, 0x0000000100000000)
  region size 1024K, 74 young (75776K), 5 survivors (5120K)
 Metaspace       used 118926K, committed 121152K, reserved 1179648K
  class space    used 16719K, committed 17792K, reserved 1048576K
}
Event: 7967.564 GC heap after
{Heap after GC invocations=63 (full 0):
 garbage-first heap   total 217088K, used 136603K [0x00000000a0000000, 0x0000000100000000)
  region size 1024K, 10 young (10240K), 10 survivors (10240K)
 Metaspace       used 118926K, committed 121152K, reserved 1179648K
  class space    used 16719K, committed 17792K, reserved 1048576K
}
Event: 7967.718 GC heap before
{Heap before GC invocations=63 (full 0):
 garbage-first heap   total 229376K, used 146843K [0x00000000a0000000, 0x0000000100000000)
  region size 1024K, 20 young (20480K), 10 survivors (10240K)
 Metaspace       used 116178K, committed 121152K, reserved 1179648K
  class space    used 16032K, committed 17792K, reserved 1048576K
}
Event: 7967.739 GC heap after
{Heap after GC invocations=64 (full 0):
 garbage-first heap   total 229376K, used 139077K [0x00000000a0000000, 0x0000000100000000)
  region size 1024K, 2 young (2048K), 2 survivors (2048K)
 Metaspace       used 116178K, committed 121152K, reserved 1179648K
  class space    used 16032K, committed 17792K, reserved 1048576K
}
Event: 7967.783 GC heap before
{Heap before GC invocations=65 (full 0):
 garbage-first heap   total 229376K, used 148293K [0x00000000a0000000, 0x0000000100000000)
  region size 1024K, 11 young (11264K), 2 survivors (2048K)
 Metaspace       used 116234K, committed 121152K, reserved 1179648K
  class space    used 16039K, committed 17792K, reserved 1048576K
}
Event: 7967.786 GC heap after
{Heap after GC invocations=66 (full 0):
 garbage-first heap   total 229376K, used 139077K [0x00000000a0000000, 0x0000000100000000)
  region size 1024K, 2 young (2048K), 2 survivors (2048K)
 Metaspace       used 116234K, committed 121152K, reserved 1179648K
  class space    used 16039K, committed 17792K, reserved 1048576K
}
Event: 7969.430 GC heap before
{Heap before GC invocations=66 (full 0):
 garbage-first heap   total 501760K, used 500549K [0x00000000a0000000, 0x0000000100000000)
  region size 1024K, 73 young (74752K), 2 survivors (2048K)
 Metaspace       used 120357K, committed 122496K, reserved 1179648K
  class space    used 16480K, committed 17792K, reserved 1048576K
}
Event: 7969.436 GC heap after
{Heap after GC invocations=67 (full 0):
 garbage-first heap   total 514048K, used 182371K [0x00000000a0000000, 0x0000000100000000)
  region size 1024K, 8 young (8192K), 8 survivors (8192K)
 Metaspace       used 120357K, committed 122496K, reserved 1179648K
  class space    used 16480K, committed 17792K, reserved 1048576K
}
Event: 16161.214 GC heap before
{Heap before GC invocations=67 (full 0):
 garbage-first heap   total 514048K, used 477283K [0x00000000a0000000, 0x0000000100000000)
  region size 1024K, 297 young (304128K), 8 survivors (8192K)
 Metaspace       used 121218K, committed 123072K, reserved 1179648K
  class space    used 16570K, committed 17792K, reserved 1048576K
}
Event: 16161.298 GC heap after
{Heap after GC invocations=68 (full 0):
 garbage-first heap   total 514048K, used 142073K [0x00000000a0000000, 0x0000000100000000)
  region size 1024K, 8 young (8192K), 8 survivors (8192K)
 Metaspace       used 121218K, committed 123072K, reserved 1179648K
  class space    used 16570K, committed 17792K, reserved 1048576K
}
Event: 18258.129 GC heap before
{Heap before GC invocations=69 (full 0):
 garbage-first heap   total 475136K, used 417529K [0x00000000a0000000, 0x0000000100000000)
  region size 1024K, 278 young (284672K), 8 survivors (8192K)
 Metaspace       used 122490K, committed 124288K, reserved 1179648K
  class space    used 16739K, committed 17792K, reserved 1048576K
}
Event: 18258.148 GC heap after
{Heap after GC invocations=70 (full 0):
 garbage-first heap   total 475136K, used 153753K [0x00000000a0000000, 0x0000000100000000)
  region size 1024K, 20 young (20480K), 20 survivors (20480K)
 Metaspace       used 122490K, committed 124288K, reserved 1179648K
  class space    used 16739K, committed 17792K, reserved 1048576K
}
Event: 18823.167 GC heap before
{Heap before GC invocations=70 (full 0):
 garbage-first heap   total 475136K, used 416921K [0x00000000a0000000, 0x0000000100000000)
  region size 1024K, 278 young (284672K), 20 survivors (20480K)
 Metaspace       used 126322K, committed 127808K, reserved 1179648K
  class space    used 17179K, committed 17920K, reserved 1048576K
}
Event: 18823.220 GC heap after
{Heap after GC invocations=71 (full 0):
 garbage-first heap   total 475136K, used 153661K [0x00000000a0000000, 0x0000000100000000)
  region size 1024K, 25 young (25600K), 25 survivors (25600K)
 Metaspace       used 126322K, committed 127808K, reserved 1179648K
  class space    used 17179K, committed 17920K, reserved 1048576K
}
Event: 18826.000 GC heap before
{Heap before GC invocations=71 (full 0):
 garbage-first heap   total 475136K, used 270397K [0x00000000a0000000, 0x0000000100000000)
  region size 1024K, 141 young (144384K), 25 survivors (25600K)
 Metaspace       used 137790K, committed 139456K, reserved 1179648K
  class space    used 18736K, committed 19520K, reserved 1048576K
}
Event: 18826.019 GC heap after
{Heap after GC invocations=72 (full 0):
 garbage-first heap   total 475136K, used 166286K [0x00000000a0000000, 0x0000000100000000)
  region size 1024K, 30 young (30720K), 30 survivors (30720K)
 Metaspace       used 137790K, committed 139456K, reserved 1179648K
  class space    used 18736K, committed 19520K, reserved 1048576K
}
Event: 18827.778 GC heap before
{Heap before GC invocations=73 (full 0):
 garbage-first heap   total 475136K, used 420238K [0x00000000a0000000, 0x0000000100000000)
  region size 1024K, 277 young (283648K), 30 survivors (30720K)
 Metaspace       used 157652K, committed 159360K, reserved 1245184K
  class space    used 22070K, committed 22848K, reserved 1048576K
}
Event: 18827.827 GC heap after
{Heap after GC invocations=74 (full 0):
 garbage-first heap   total 475136K, used 177771K [0x00000000a0000000, 0x0000000100000000)
  region size 1024K, 22 young (22528K), 22 survivors (22528K)
 Metaspace       used 157652K, committed 159360K, reserved 1245184K
  class space    used 22070K, committed 22848K, reserved 1048576K
}

Dll operation events (3 events):
Event: 0.022 Loaded shared library C:\Program Files\Android\Android Studio\jbr\bin\java.dll
Event: 0.027 Loaded shared library C:\Program Files\Android\Android Studio\jbr\bin\zip.dll
Event: 0.419 Loaded shared library C:\Program Files\Android\Android Studio\jbr\bin\verify.dll

Deoptimization events (20 events):
Event: 18828.384 Thread 0x0000025e21fe5f70 Uncommon trap: trap_request=0xffffffde fr.pc=0x0000025e088d85e4 relative=0x0000000000000a44
Event: 18828.384 Thread 0x0000025e21fe5f70 Uncommon trap: reason=class_check action=maybe_recompile pc=0x0000025e088d85e4 method=com.google.common.collect.Iterables.castOrCopyToCollection(Ljava/lang/Iterable;)Ljava/util/Collection; @ 1 c2
Event: 18828.384 Thread 0x0000025e21fe5f70 DEOPT PACKING pc=0x0000025e088d85e4 sp=0x0000007d4b8fdec0
Event: 18828.384 Thread 0x0000025e21fe5f70 DEOPT UNPACKING pc=0x0000025e075846a2 sp=0x0000007d4b8fddd0 mode 2
Event: 18828.384 Thread 0x0000025e21fe5f70 Uncommon trap: trap_request=0xffffffde fr.pc=0x0000025e08903e10 relative=0x00000000000002b0
Event: 18828.384 Thread 0x0000025e21fe5f70 Uncommon trap: reason=class_check action=maybe_recompile pc=0x0000025e08903e10 method=com.google.common.collect.ImmutableMap.copyOf(Ljava/util/Map;)Lcom/google/common/collect/ImmutableMap; @ 49 c2
Event: 18828.384 Thread 0x0000025e21fe5f70 DEOPT PACKING pc=0x0000025e08903e10 sp=0x0000007d4b8fdf60
Event: 18828.384 Thread 0x0000025e21fe5f70 DEOPT UNPACKING pc=0x0000025e075846a2 sp=0x0000007d4b8fdf18 mode 2
Event: 18828.384 Thread 0x0000025e21fe5f70 Uncommon trap: trap_request=0xffffffde fr.pc=0x0000025e088d85e4 relative=0x0000000000000a44
Event: 18828.384 Thread 0x0000025e21fe5f70 Uncommon trap: reason=class_check action=maybe_recompile pc=0x0000025e088d85e4 method=com.google.common.collect.Iterables.castOrCopyToCollection(Ljava/lang/Iterable;)Ljava/util/Collection; @ 1 c2
Event: 18828.384 Thread 0x0000025e21fe5f70 DEOPT PACKING pc=0x0000025e088d85e4 sp=0x0000007d4b8fdec0
Event: 18828.384 Thread 0x0000025e21fe5f70 DEOPT UNPACKING pc=0x0000025e075846a2 sp=0x0000007d4b8fddd0 mode 2
Event: 18828.384 Thread 0x0000025e21fe5f70 Uncommon trap: trap_request=0xffffffde fr.pc=0x0000025e088d85e4 relative=0x0000000000000a44
Event: 18828.384 Thread 0x0000025e21fe5f70 Uncommon trap: reason=class_check action=maybe_recompile pc=0x0000025e088d85e4 method=com.google.common.collect.Iterables.castOrCopyToCollection(Ljava/lang/Iterable;)Ljava/util/Collection; @ 1 c2
Event: 18828.384 Thread 0x0000025e21fe5f70 DEOPT PACKING pc=0x0000025e088d85e4 sp=0x0000007d4b8fded0
Event: 18828.384 Thread 0x0000025e21fe5f70 DEOPT UNPACKING pc=0x0000025e075846a2 sp=0x0000007d4b8fdde0 mode 2
Event: 18828.384 Thread 0x0000025e21fe5f70 Uncommon trap: trap_request=0xffffffde fr.pc=0x0000025e088d85e4 relative=0x0000000000000a44
Event: 18828.384 Thread 0x0000025e21fe5f70 Uncommon trap: reason=class_check action=maybe_recompile pc=0x0000025e088d85e4 method=com.google.common.collect.Iterables.castOrCopyToCollection(Ljava/lang/Iterable;)Ljava/util/Collection; @ 1 c2
Event: 18828.384 Thread 0x0000025e21fe5f70 DEOPT PACKING pc=0x0000025e088d85e4 sp=0x0000007d4b8fded0
Event: 18828.384 Thread 0x0000025e21fe5f70 DEOPT UNPACKING pc=0x0000025e075846a2 sp=0x0000007d4b8fdde0 mode 2

Classes loaded (20 events):
Event: 18827.698 Loading class java/util/IdentityHashMap$ValueIterator
Event: 18827.698 Loading class java/util/IdentityHashMap$ValueIterator done
Event: 18827.736 Loading class java/util/SortedSet$1
Event: 18827.736 Loading class java/util/SortedSet$1 done
Event: 18827.742 Loading class java/util/stream/SliceOps
Event: 18827.742 Loading class java/util/stream/SliceOps done
Event: 18827.742 Loading class java/util/stream/SliceOps$1
Event: 18827.742 Loading class java/util/stream/SliceOps$1 done
Event: 18827.746 Loading class java/util/stream/SliceOps$1$1
Event: 18827.746 Loading class java/util/stream/SliceOps$1$1 done
Event: 18828.019 Loading class java/nio/ShortBuffer
Event: 18828.019 Loading class java/nio/ShortBuffer done
Event: 18828.027 Loading class java/nio/ByteBufferAsShortBufferL
Event: 18828.028 Loading class java/nio/ByteBufferAsShortBufferL done
Event: 18828.034 Loading class java/util/zip/Adler32
Event: 18828.034 Loading class java/util/zip/Adler32 done
Event: 18828.216 Loading class java/io/PushbackInputStream
Event: 18828.217 Loading class java/io/PushbackInputStream done
Event: 18828.309 Loading class java/nio/HeapShortBuffer
Event: 18828.309 Loading class java/nio/HeapShortBuffer done

Classes unloaded (20 events):
Event: 16161.517 Thread 0x0000025e76fdd220 Unloading class 0x0000000100461c00 'java/lang/invoke/LambdaForm$MH+0x0000000100461c00'
Event: 16161.517 Thread 0x0000025e76fdd220 Unloading class 0x0000000100461800 'java/lang/invoke/LambdaForm$MH+0x0000000100461800'
Event: 16161.517 Thread 0x0000025e76fdd220 Unloading class 0x0000000100459800 'java/lang/invoke/LambdaForm$MH+0x0000000100459800'
Event: 16161.517 Thread 0x0000025e76fdd220 Unloading class 0x0000000100459400 'java/lang/invoke/LambdaForm$MH+0x0000000100459400'
Event: 16161.517 Thread 0x0000025e76fdd220 Unloading class 0x0000000100458000 'java/lang/invoke/LambdaForm$MH+0x0000000100458000'
Event: 16161.517 Thread 0x0000025e76fdd220 Unloading class 0x0000000100451c00 'java/lang/invoke/LambdaForm$MH+0x0000000100451c00'
Event: 16161.517 Thread 0x0000025e76fdd220 Unloading class 0x0000000100431000 'java/lang/invoke/LambdaForm$MH+0x0000000100431000'
Event: 16161.517 Thread 0x0000025e76fdd220 Unloading class 0x0000000100430c00 'java/lang/invoke/LambdaForm$MH+0x0000000100430c00'
Event: 16161.517 Thread 0x0000025e76fdd220 Unloading class 0x0000000100430800 'java/lang/invoke/LambdaForm$MH+0x0000000100430800'
Event: 16161.517 Thread 0x0000025e76fdd220 Unloading class 0x0000000100430400 'java/lang/invoke/LambdaForm$MH+0x0000000100430400'
Event: 16161.517 Thread 0x0000025e76fdd220 Unloading class 0x0000000100430000 'java/lang/invoke/LambdaForm$MH+0x0000000100430000'
Event: 16161.518 Thread 0x0000025e76fdd220 Unloading class 0x00000001003f3800 'java/lang/invoke/LambdaForm$MH+0x00000001003f3800'
Event: 16161.518 Thread 0x0000025e76fdd220 Unloading class 0x00000001003f1c00 'java/lang/invoke/LambdaForm$MH+0x00000001003f1c00'
Event: 16161.518 Thread 0x0000025e76fdd220 Unloading class 0x00000001003f1800 'java/lang/invoke/LambdaForm$MH+0x00000001003f1800'
Event: 16161.518 Thread 0x0000025e76fdd220 Unloading class 0x00000001003e9000 'java/lang/invoke/LambdaForm$MH+0x00000001003e9000'
Event: 16161.518 Thread 0x0000025e76fdd220 Unloading class 0x00000001003e8c00 'java/lang/invoke/LambdaForm$MH+0x00000001003e8c00'
Event: 16161.518 Thread 0x0000025e76fdd220 Unloading class 0x000000010037cc00 'java/lang/invoke/LambdaForm$MH+0x000000010037cc00'
Event: 16161.518 Thread 0x0000025e76fdd220 Unloading class 0x0000000100108400 'java/lang/invoke/LambdaForm$MH+0x0000000100108400'
Event: 16161.518 Thread 0x0000025e76fdd220 Unloading class 0x00000001000c1800 'java/lang/invoke/LambdaForm$MH+0x00000001000c1800'
Event: 18826.120 Thread 0x0000025e76fdd220 Unloading class 0x0000000101125000 'java/lang/invoke/LambdaForm$MH+0x0000000101125000'

Classes redefined (0 events):
No events

Internal exceptions (20 events):
Event: 18828.153 Thread 0x0000025e1b241c60 Exception <a 'sun/nio/fs/WindowsException'{0x00000000b0ed8b68}> (0x00000000b0ed8b68) 
thrown [s\src\hotspot\share\prims\jni.cpp, line 537]
Event: 18828.154 Thread 0x0000025e1b241c60 Exception <a 'sun/nio/fs/WindowsException'{0x00000000b0ee4c78}> (0x00000000b0ee4c78) 
thrown [s\src\hotspot\share\prims\jni.cpp, line 537]
Event: 18828.155 Thread 0x0000025e1b241c60 Exception <a 'sun/nio/fs/WindowsException'{0x00000000b0eecea0}> (0x00000000b0eecea0) 
thrown [s\src\hotspot\share\prims\jni.cpp, line 537]
Event: 18828.157 Thread 0x0000025e1b241c60 Exception <a 'sun/nio/fs/WindowsException'{0x00000000b0ef1a60}> (0x00000000b0ef1a60) 
thrown [s\src\hotspot\share\prims\jni.cpp, line 537]
Event: 18828.158 Thread 0x0000025e1b241c60 Exception <a 'sun/nio/fs/WindowsException'{0x00000000b0efb818}> (0x00000000b0efb818) 
thrown [s\src\hotspot\share\prims\jni.cpp, line 537]
Event: 18828.159 Thread 0x0000025e1b241c60 Exception <a 'sun/nio/fs/WindowsException'{0x00000000b0bc1e50}> (0x00000000b0bc1e50) 
thrown [s\src\hotspot\share\prims\jni.cpp, line 537]
Event: 18828.161 Thread 0x0000025e1b241c60 Exception <a 'sun/nio/fs/WindowsException'{0x00000000b0bc92e0}> (0x00000000b0bc92e0) 
thrown [s\src\hotspot\share\prims\jni.cpp, line 537]
Event: 18828.162 Thread 0x0000025e1b241c60 Exception <a 'sun/nio/fs/WindowsException'{0x00000000b0bdcb30}> (0x00000000b0bdcb30) 
thrown [s\src\hotspot\share\prims\jni.cpp, line 537]
Event: 18828.163 Thread 0x0000025e1b241c60 Exception <a 'sun/nio/fs/WindowsException'{0x00000000b0be3988}> (0x00000000b0be3988) 
thrown [s\src\hotspot\share\prims\jni.cpp, line 537]
Event: 18828.164 Thread 0x0000025e1b241c60 Exception <a 'sun/nio/fs/WindowsException'{0x00000000b0beadd8}> (0x00000000b0beadd8) 
thrown [s\src\hotspot\share\prims\jni.cpp, line 537]
Event: 18828.165 Thread 0x0000025e1b241c60 Exception <a 'sun/nio/fs/WindowsException'{0x00000000b0bf2e80}> (0x00000000b0bf2e80) 
thrown [s\src\hotspot\share\prims\jni.cpp, line 537]
Event: 18828.165 Thread 0x0000025e1b241c60 Exception <a 'sun/nio/fs/WindowsException'{0x00000000b0bfa6d0}> (0x00000000b0bfa6d0) 
thrown [s\src\hotspot\share\prims\jni.cpp, line 537]
Event: 18828.166 Thread 0x0000025e1b241c60 Exception <a 'sun/nio/fs/WindowsException'{0x00000000b08c1010}> (0x00000000b08c1010) 
thrown [s\src\hotspot\share\prims\jni.cpp, line 537]
Event: 18828.167 Thread 0x0000025e1b241c60 Exception <a 'sun/nio/fs/WindowsException'{0x00000000b08c94c0}> (0x00000000b08c94c0) 
thrown [s\src\hotspot\share\prims\jni.cpp, line 537]
Event: 18828.168 Thread 0x0000025e1b241c60 Exception <a 'sun/nio/fs/WindowsException'{0x00000000b08d3e60}> (0x00000000b08d3e60) 
thrown [s\src\hotspot\share\prims\jni.cpp, line 537]
Event: 18828.169 Thread 0x0000025e1b241c60 Exception <a 'sun/nio/fs/WindowsException'{0x00000000b08da8a8}> (0x00000000b08da8a8) 
thrown [s\src\hotspot\share\prims\jni.cpp, line 537]
Event: 18828.203 Thread 0x0000025e20dfd4d0 Exception <a 'java/lang/NoSuchMethodError'{0x00000000b02998c0}: static Lkotlin/InitializedLazyImpl;.<clinit>()V> (0x00000000b02998c0) 
thrown [s\src\hotspot\share\prims\jni.cpp, line 1144]
Event: 18828.227 Thread 0x0000025e21fe3ea0 Exception <a 'sun/nio/fs/WindowsException'{0x00000000afc70650}> (0x00000000afc70650) 
thrown [s\src\hotspot\share\prims\jni.cpp, line 537]
Event: 18828.314 Thread 0x0000025e21fe79b0 Exception <a 'java/lang/NoSuchMethodError'{0x00000000af4a5530}: 'long java.lang.invoke.DirectMethodHandle$Holder.invokeStatic(java.lang.Object, java.lang.Object, java.lang.Object)'> (0x00000000af4a5530) 
thrown [s\src\hotspot\share\interpreter\linkResolver.cpp, line 784]
Event: 18828.341 Thread 0x0000025e21fe79b0 Exception <a 'sun/nio/fs/WindowsException'{0x00000000af035098}> (0x00000000af035098) 
thrown [s\src\hotspot\share\prims\jni.cpp, line 537]

ZGC Phase Switch (0 events):
No events

VM Operations (20 events):
Event: 18828.008 Executing VM operation: HandshakeAllThreads (Deoptimize)
Event: 18828.009 Executing VM operation: HandshakeAllThreads (Deoptimize) done
Event: 18828.017 Executing VM operation: ICBufferFull
Event: 18828.017 Executing VM operation: ICBufferFull done
Event: 18828.036 Executing VM operation: HandshakeAllThreads (Deoptimize)
Event: 18828.036 Executing VM operation: HandshakeAllThreads (Deoptimize) done
Event: 18828.087 Executing VM operation: ICBufferFull
Event: 18828.087 Executing VM operation: ICBufferFull done
Event: 18828.114 Executing VM operation: HandshakeAllThreads (Deoptimize)
Event: 18828.114 Executing VM operation: HandshakeAllThreads (Deoptimize) done
Event: 18828.171 Executing VM operation: ICBufferFull
Event: 18828.171 Executing VM operation: ICBufferFull done
Event: 18828.285 Executing VM operation: HandshakeAllThreads (Deoptimize)
Event: 18828.285 Executing VM operation: HandshakeAllThreads (Deoptimize) done
Event: 18828.311 Executing VM operation: HandshakeAllThreads (Deoptimize)
Event: 18828.312 Executing VM operation: HandshakeAllThreads (Deoptimize) done
Event: 18828.313 Executing VM operation: HandshakeAllThreads (Deoptimize)
Event: 18828.313 Executing VM operation: HandshakeAllThreads (Deoptimize) done
Event: 18828.337 Executing VM operation: ICBufferFull
Event: 18828.337 Executing VM operation: ICBufferFull done

Memory protections (0 events):
No events

Nmethod flushes (20 events):
Event: 18826.148 Thread 0x0000025e76fdd220 flushing  nmethod 0x0000025e01432410
Event: 18826.148 Thread 0x0000025e76fdd220 flushing  nmethod 0x0000025e01488890
Event: 18826.148 Thread 0x0000025e76fdd220 flushing  nmethod 0x0000025e01488e90
Event: 18826.148 Thread 0x0000025e76fdd220 flushing  nmethod 0x0000025e01489410
Event: 18826.148 Thread 0x0000025e76fdd220 flushing  nmethod 0x0000025e0148a610
Event: 18826.148 Thread 0x0000025e76fdd220 flushing  nmethod 0x0000025e0149b710
Event: 18826.148 Thread 0x0000025e76fdd220 flushing  nmethod 0x0000025e01535790
Event: 18826.148 Thread 0x0000025e76fdd220 flushing  nmethod 0x0000025e01536f90
Event: 18826.148 Thread 0x0000025e76fdd220 flushing  nmethod 0x0000025e01538d10
Event: 18826.148 Thread 0x0000025e76fdd220 flushing  nmethod 0x0000025e01539c10
Event: 18826.148 Thread 0x0000025e76fdd220 flushing  nmethod 0x0000025e0153a210
Event: 18826.148 Thread 0x0000025e76fdd220 flushing  nmethod 0x0000025e0153a690
Event: 18826.148 Thread 0x0000025e76fdd220 flushing  nmethod 0x0000025e01572a10
Event: 18826.148 Thread 0x0000025e76fdd220 flushing  nmethod 0x0000025e01577990
Event: 18826.148 Thread 0x0000025e76fdd220 flushing  nmethod 0x0000025e015d5910
Event: 18826.148 Thread 0x0000025e76fdd220 flushing  nmethod 0x0000025e015d6d10
Event: 18826.148 Thread 0x0000025e76fdd220 flushing  nmethod 0x0000025e015d7490
Event: 18826.148 Thread 0x0000025e76fdd220 flushing  nmethod 0x0000025e015de790
Event: 18826.148 Thread 0x0000025e76fdd220 flushing  nmethod 0x0000025e015e0f90
Event: 18826.148 Thread 0x0000025e76fdd220 flushing  nmethod 0x0000025e015e2510

Events (20 events):
Event: 18826.850 Thread 0x0000025e20dfd4d0 Thread added: 0x0000025e21fe3810
Event: 18826.851 Thread 0x0000025e20dfd4d0 Thread added: 0x0000025e21fe86d0
Event: 18826.851 Thread 0x0000025e20dfd4d0 Thread added: 0x0000025e21fe58e0
Event: 18826.852 Thread 0x0000025e20dfd4d0 Thread added: 0x0000025e21fe3ea0
Event: 18826.852 Thread 0x0000025e20dfd4d0 Thread added: 0x0000025e21fe5f70
Event: 18826.853 Thread 0x0000025e20dfd4d0 Thread added: 0x0000025e21fe4530
Event: 18826.860 Thread 0x0000025e20dfd4d0 Thread added: 0x0000025e21fe79b0
Event: 18826.860 Thread 0x0000025e20dfd4d0 Thread added: 0x0000025e21fe5250
Event: 18826.861 Thread 0x0000025e20dfd4d0 Thread added: 0x0000025e21fe6600
Event: 18828.404 Thread 0x0000025e21fe5f70 Thread added: 0x0000025e21fddc30
Event: 18828.410 Thread 0x0000025e21fddc30 Thread added: 0x0000025e21fdc880
Event: 18828.413 Thread 0x0000025e21fdc880 Thread added: 0x0000025e21fde2c0
Event: 18828.413 Thread 0x0000025e21fde2c0 Thread added: 0x0000025e21fde950
Event: 18828.413 Thread 0x0000025e21fde950 Thread added: 0x0000025e21fdf670
Event: 18828.413 Thread 0x0000025e21fdf670 Thread added: 0x0000025e21fe0390
Event: 18828.414 Thread 0x0000025e21fe0390 Thread added: 0x0000025e21fdbb60
Event: 18828.414 Thread 0x0000025e21fdbb60 Thread added: 0x0000025e21fe0a20
Event: 18828.414 Thread 0x0000025e21fe0a20 Thread added: 0x0000025e21fe8040
Event: 18828.414 Thread 0x0000025e21fe8040 Thread added: 0x0000025e21fe10b0
Event: 18828.414 Thread 0x0000025e21fe10b0 Thread added: 0x0000025e21fe1740


Dynamic libraries:
0x00007ff70ef50000 - 0x00007ff70ef5a000 	C:\Program Files\Android\Android Studio\jbr\bin\java.exe
0x00007ffe35230000 - 0x00007ffe35428000 	C:\Windows\SYSTEM32\ntdll.dll
0x00007ffe34c40000 - 0x00007ffe34d02000 	C:\Windows\System32\KERNEL32.DLL
0x00007ffe32f50000 - 0x00007ffe33246000 	C:\Windows\System32\KERNELBASE.dll
0x00007ffe32940000 - 0x00007ffe32a40000 	C:\Windows\System32\ucrtbase.dll
0x00007ffe257f0000 - 0x00007ffe2580b000 	C:\Program Files\Android\Android Studio\jbr\bin\VCRUNTIME140.dll
0x00007ffdd1e10000 - 0x00007ffdd1e28000 	C:\Program Files\Android\Android Studio\jbr\bin\jli.dll
0x00007ffe33250000 - 0x00007ffe333f1000 	C:\Windows\System32\USER32.dll
0x00007ffe32ba0000 - 0x00007ffe32bc2000 	C:\Windows\System32\win32u.dll
0x00007ffe249c0000 - 0x00007ffe24c5b000 	C:\Windows\WinSxS\amd64_microsoft.windows.common-controls_6595b64144ccf1df_6.0.19041.6456_none_60b8a6cb71f64256\COMCTL32.dll
0x00007ffe34540000 - 0x00007ffe3456b000 	C:\Windows\System32\GDI32.dll
0x00007ffe34960000 - 0x00007ffe349fe000 	C:\Windows\System32\msvcrt.dll
0x00007ffe32da0000 - 0x00007ffe32eb9000 	C:\Windows\System32\gdi32full.dll
0x00007ffe32bd0000 - 0x00007ffe32c6d000 	C:\Windows\System32\msvcp_win.dll
0x00007ffe33870000 - 0x00007ffe3389f000 	C:\Windows\System32\IMM32.DLL
0x00007ffe2b790000 - 0x00007ffe2b79c000 	C:\Program Files\Android\Android Studio\jbr\bin\vcruntime140_1.dll
0x00007ffd71fd0000 - 0x00007ffd7205d000 	C:\Program Files\Android\Android Studio\jbr\bin\msvcp140.dll
0x00007ffd72240000 - 0x00007ffd72ed6000 	C:\Program Files\Android\Android Studio\jbr\bin\server\jvm.dll
0x00007ffe33920000 - 0x00007ffe339d1000 	C:\Windows\System32\ADVAPI32.dll
0x00007ffe34a70000 - 0x00007ffe34b0f000 	C:\Windows\System32\sechost.dll
0x00007ffe35070000 - 0x00007ffe35190000 	C:\Windows\System32\RPCRT4.dll
0x00007ffe32d70000 - 0x00007ffe32d97000 	C:\Windows\System32\bcrypt.dll
0x00007ffe34a00000 - 0x00007ffe34a6b000 	C:\Windows\System32\WS2_32.dll
0x00007ffe31e00000 - 0x00007ffe31e4b000 	C:\Windows\SYSTEM32\POWRPROF.dll
0x00007ffe2add0000 - 0x00007ffe2adf7000 	C:\Windows\SYSTEM32\WINMM.dll
0x00007ffe2bce0000 - 0x00007ffe2bcea000 	C:\Windows\SYSTEM32\VERSION.dll
0x00007ffe31cc0000 - 0x00007ffe31cd2000 	C:\Windows\SYSTEM32\UMPDC.dll
0x00007ffe30670000 - 0x00007ffe30682000 	C:\Windows\SYSTEM32\kernel.appcore.dll
0x00007ffe25790000 - 0x00007ffe2579a000 	C:\Program Files\Android\Android Studio\jbr\bin\jimage.dll
0x00007ffe29380000 - 0x00007ffe29581000 	C:\Windows\SYSTEM32\DBGHELP.DLL
0x00007ffe1a7f0000 - 0x00007ffe1a824000 	C:\Windows\SYSTEM32\dbgcore.DLL
0x00007ffe32ec0000 - 0x00007ffe32f42000 	C:\Windows\System32\bcryptPrimitives.dll
0x00007ffe254c0000 - 0x00007ffe254ce000 	C:\Program Files\Android\Android Studio\jbr\bin\instrument.dll
0x00007ffe25710000 - 0x00007ffe25730000 	C:\Program Files\Android\Android Studio\jbr\bin\java.dll
0x00007ffe25440000 - 0x00007ffe25458000 	C:\Program Files\Android\Android Studio\jbr\bin\zip.dll
0x00007ffe33c50000 - 0x00007ffe343c0000 	C:\Windows\System32\SHELL32.dll
0x00007ffe30950000 - 0x00007ffe310f5000 	C:\Windows\SYSTEM32\windows.storage.dll
0x00007ffe34570000 - 0x00007ffe348c4000 	C:\Windows\System32\combase.dll
0x00007ffe322f0000 - 0x00007ffe3231b000 	C:\Windows\SYSTEM32\Wldp.dll
0x00007ffe34b10000 - 0x00007ffe34bdd000 	C:\Windows\System32\OLEAUT32.dll
0x00007ffe33ac0000 - 0x00007ffe33b6d000 	C:\Windows\System32\SHCORE.dll
0x00007ffe338a0000 - 0x00007ffe338fb000 	C:\Windows\System32\shlwapi.dll
0x00007ffe327f0000 - 0x00007ffe32814000 	C:\Windows\SYSTEM32\profapi.dll
0x00007ffe23b10000 - 0x00007ffe23b20000 	C:\Program Files\Android\Android Studio\jbr\bin\net.dll
0x00007ffe2d0f0000 - 0x00007ffe2d1fa000 	C:\Windows\SYSTEM32\WINHTTP.dll
0x00007ffe32050000 - 0x00007ffe320ba000 	C:\Windows\system32\mswsock.dll
0x00007ffe23af0000 - 0x00007ffe23b06000 	C:\Program Files\Android\Android Studio\jbr\bin\nio.dll
0x00007ffe25850000 - 0x00007ffe25860000 	C:\Program Files\Android\Android Studio\jbr\bin\verify.dll
0x00007ffdf9880000 - 0x00007ffdf98a7000 	C:\Users\ASIS\.gradle\native\1def1411415f61bf3af743bc5b6707747c0891f09f0c88961ee8f79bc544acac\windows-amd64\native-platform.dll
0x00007ffd71350000 - 0x00007ffd713c8000 	C:\Users\ASIS\.gradle\native\0.2.7\x86_64-windows-gnu\gradle-fileevents.dll
0x00007ffe1f980000 - 0x00007ffe1f989000 	C:\Program Files\Android\Android Studio\jbr\bin\management.dll
0x00007ffe1f970000 - 0x00007ffe1f97b000 	C:\Program Files\Android\Android Studio\jbr\bin\management_ext.dll
0x00007ffe33900000 - 0x00007ffe33908000 	C:\Windows\System32\PSAPI.DLL
0x00007ffe31ce0000 - 0x00007ffe31d1b000 	C:\Windows\SYSTEM32\IPHLPAPI.DLL
0x00007ffe33910000 - 0x00007ffe33918000 	C:\Windows\System32\NSI.dll
0x00007ffe22680000 - 0x00007ffe22689000 	C:\Program Files\Android\Android Studio\jbr\bin\extnet.dll
0x00007ffe32240000 - 0x00007ffe32258000 	C:\Windows\SYSTEM32\CRYPTSP.dll
0x00007ffe31900000 - 0x00007ffe31938000 	C:\Windows\system32\rsaenh.dll
0x00007ffe32770000 - 0x00007ffe3279e000 	C:\Windows\SYSTEM32\USERENV.dll
0x00007ffe32260000 - 0x00007ffe3226c000 	C:\Windows\SYSTEM32\CRYPTBASE.dll
0x00007ffe22690000 - 0x00007ffe22697000 	C:\Windows\system32\wshunix.dll
0x00007ffe2fe20000 - 0x00007ffe2feb4000 	C:\Windows\system32\apphelp.dll
0x00007ffe257a0000 - 0x00007ffe257a7000 	C:\Program Files\Android\Android Studio\jbr\bin\rmi.dll

JVMTI agents:
C:\Users\ASIS\.gradle\wrapper\dists\gradle-8.13-all\54h0s9kvb6g2sinako7ub77ku\gradle-8.13\lib\agents\gradle-instrumentation-agent-8.13.jar path:C:\Program Files\Android\Android Studio\jbr\bin\instrument.dll, loaded, initialized, instrumentlib options:none

dbghelp: loaded successfully - version: 4.0.5 - missing functions: none
symbol engine: initialized successfully - sym options: 0x614 - pdb path: .;C:\Program Files\Android\Android Studio\jbr\bin;C:\Windows\SYSTEM32;C:\Windows\WinSxS\amd64_microsoft.windows.common-controls_6595b64144ccf1df_6.0.19041.6456_none_60b8a6cb71f64256;C:\Program Files\Android\Android Studio\jbr\bin\server;C:\Users\ASIS\.gradle\native\1def1411415f61bf3af743bc5b6707747c0891f09f0c88961ee8f79bc544acac\windows-amd64;C:\Users\ASIS\.gradle\native\0.2.7\x86_64-windows-gnu

VM Arguments:
jvm_args: --add-opens=java.base/java.lang=ALL-UNNAMED --add-opens=java.base/java.lang.invoke=ALL-UNNAMED --add-opens=java.base/java.util=ALL-UNNAMED --add-opens=java.prefs/java.util.prefs=ALL-UNNAMED --add-exports=jdk.compiler/com.sun.tools.javac.api=ALL-UNNAMED --add-exports=jdk.compiler/com.sun.tools.javac.util=ALL-UNNAMED --add-opens=java.base/java.util=ALL-UNNAMED --add-opens=java.prefs/java.util.prefs=ALL-UNNAMED --add-opens=java.base/java.nio.charset=ALL-UNNAMED --add-opens=java.base/java.net=ALL-UNNAMED --add-opens=java.base/java.util.concurrent.atomic=ALL-UNNAMED --add-opens=java.xml/javax.xml.namespace=ALL-UNNAMED -Xmx1536m -Dfile.encoding=UTF-8 -Duser.country=US -Duser.language=en -Duser.variant -javaagent:C:\Users\ASIS\.gradle\wrapper\dists\gradle-8.13-all\54h0s9kvb6g2sinako7ub77ku\gradle-8.13\lib\agents\gradle-instrumentation-agent-8.13.jar 
java_command: org.gradle.launcher.daemon.bootstrap.GradleDaemon 8.13
java_class_path (initial): C:\Users\ASIS\.gradle\wrapper\dists\gradle-8.13-all\54h0s9kvb6g2sinako7ub77ku\gradle-8.13\lib\gradle-daemon-main-8.13.jar
Launcher Type: SUN_STANDARD

[Global flags]
     intx CICompilerCount                          = 4                                         {product} {ergonomic}
     uint ConcGCThreads                            = 3                                         {product} {ergonomic}
     uint G1ConcRefinementThreads                  = 10                                        {product} {ergonomic}
   size_t G1HeapRegionSize                         = 1048576                                   {product} {ergonomic}
    uintx GCDrainStackTargetSize                   = 64                                        {product} {ergonomic}
   size_t InitialHeapSize                          = 268435456                                 {product} {ergonomic}
   size_t MarkStackSize                            = 4194304                                   {product} {ergonomic}
   size_t MaxHeapSize                              = 1610612736                                {product} {command line}
   size_t MaxNewSize                               = 965738496                                 {product} {ergonomic}
   size_t MinHeapDeltaBytes                        = 1048576                                   {product} {ergonomic}
   size_t MinHeapSize                              = 8388608                                   {product} {ergonomic}
    uintx NonNMethodCodeHeapSize                   = 5839372                                {pd product} {ergonomic}
    uintx NonProfiledCodeHeapSize                  = 122909434                              {pd product} {ergonomic}
    uintx ProfiledCodeHeapSize                     = 122909434                              {pd product} {ergonomic}
    uintx ReservedCodeCacheSize                    = 251658240                              {pd product} {ergonomic}
     bool SegmentedCodeCache                       = true                                      {product} {ergonomic}
   size_t SoftMaxHeapSize                          = 1610612736                             {manageable} {ergonomic}
     bool UseCompressedOops                        = true                           {product lp64_product} {ergonomic}
     bool UseG1GC                                  = true                                      {product} {ergonomic}
     bool UseLargePagesIndividualAllocation        = false                                  {pd product} {ergonomic}

Logging:
Log output configuration:
 #0: stdout all=warning uptime,level,tags foldmultilines=false
 #1: stderr all=off uptime,level,tags foldmultilines=false

Environment Variables:
PATH=C:\Windows\system32;C:\Windows;C:\Windows\System32\Wbem;C:\Windows\System32\WindowsPowerShell\v1.0\;C:\Windows\System32\OpenSSH\;C:\Program Files (x86)\NVIDIA Corporation\PhysX\Common;C:\Program Files\Git\cmd;C:\Program Files\nodejs\;D:\Git LFS;C:\Users\ASIS\AppData\Local\Programs\Python\Python39\Scripts\;C:\Users\ASIS\AppData\Local\Programs\Python\Python39\;C:\Users\ASIS\AppData\Local\Programs\Python\Python310\Scripts\;C:\Users\ASIS\AppData\Local\Programs\Python\Python310\;C:\Users\ASIS\AppData\Local\Programs\Python\Python314\Scripts\;C:\Users\ASIS\AppData\Local\Programs\Python\Python314\;C:\Users\ASIS\AppData\Local\Programs\Python\Launcher\;C:\Users\ASIS\AppData\Local\Microsoft\WindowsApps;C:\Users\ASIS\AppData\Local\Programs\Microsoft VS Code\bin;C:\Users\ASIS\AppData\Local\Programs\Antigravity\bin;C:\Users\ASIS\AppData\Roaming\npm
USERNAME=ASIS
OS=Windows_NT
PROCESSOR_IDENTIFIER=AMD64 Family 25 Model 33 Stepping 2, AuthenticAMD
TMP=C:\Users\ASIS\AppData\Local\Temp
TEMP=C:\Users\ASIS\AppData\Local\Temp




Periodic native trim disabled

JNI global refs:
JNI global refs: 28, weak refs: 0

JNI global refs memory usage: 835, weak refs: 833

Process memory usage:
Resident Set Size: 888152K (5% of 16701480K total physical memory with 541148K free physical memory)

OOME stack traces (most recent first):
Classloader memory used:
Loader org.gradle.internal.classloader.VisitableURLClassLoader$InstrumentingVisitableURLClassLoader: 59697K
Loader org.gradle.internal.classloader.VisitableURLClassLoader                         : 47880K
Loader bootstrap                                                                       : 31414K
Loader org.gradle.initialization.MixInLegacyTypesClassLoader                           : 13805K
Loader jdk.internal.loader.ClassLoaders$AppClassLoader                                 : 8670K
Loader jdk.internal.reflect.DelegatingClassLoader                                      : 759K
Loader jdk.internal.loader.ClassLoaders$PlatformClassLoader                            : 730K
Loader org.gradle.groovy.scripts.internal.DefaultScriptCompilationHandler$ScriptClassLoader: 258K
Loader org.codehaus.groovy.runtime.callsite.CallSiteClassLoader                        : 90456B
Loader org.gradle.internal.classloader.VisitableURLClassLoader                         : 39536B
Loader sun.reflect.misc.MethodUtil                                                     : 2984B

Classes loaded by more than one classloader:
Class com.google.common.io.LineReader                                                 : loaded 2 times (x 72B)
Class com.google.common.base.Equivalence$Identity                                     : loaded 2 times (x 82B)
Class com.google.common.base.PairwiseEquivalence                                      : loaded 2 times (x 83B)
Class com.google.common.collect.RegularImmutableMap$KeySet                            : loaded 2 times (x 152B)
Class org.gradle.internal.classloader.FilteringClassLoader                            : loaded 2 times (x 105B)
Class com.google.common.cache.LocalCache$ValueIterator                                : loaded 2 times (x 86B)
Class [Lcom.google.common.collect.MapMakerInternalMap$Segment;                        : loaded 2 times (x 69B)
Class com.google.common.io.FileWriteMode                                              : loaded 2 times (x 79B)
Class [Lcom.google.common.base.AbstractIterator$State;                                : loaded 2 times (x 69B)
Class com.google.common.base.CharMatcher$IsEither                                     : loaded 2 times (x 111B)
Class org.gradle.internal.classloader.ClassLoaderHierarchy                            : loaded 2 times (x 70B)
Class com.google.common.collect.AbstractMapBasedMultimap$WrappedCollection            : loaded 2 times (x 124B)
Class com.google.common.collect.ImmutableEnumSet                                      : loaded 2 times (x 146B)
Class com.google.common.util.concurrent.ExecutionError                                : loaded 2 times (x 82B)
Class com.google.common.collect.ImmutableList$1                                       : loaded 2 times (x 97B)
Class build_2ni5e0nogpghjnv4hkgjvnkcy                                                 : loaded 2 times (x 180B)
Class org.gradle.api.internal.classpath.ManifestUtil                                  : loaded 2 times (x 71B)
Class com.google.common.collect.RegularImmutableMap                                   : loaded 2 times (x 121B)
Class com.google.common.collect.ImmutableMap$MapViewOfValuesAsSingletonSets           : loaded 2 times (x 126B)
Class com.google.common.cache.LocalCache$Values                                       : loaded 2 times (x 118B)
Class com.google.common.reflect.TypeCapture                                           : loaded 2 times (x 71B)
Class [Lorg.objectweb.asm.Symbol;                                                     : loaded 2 times (x 69B)
Class org.objectweb.asm.ClassVisitor                                                  : loaded 2 times (x 88B)
Class com.google.common.collect.UnmodifiableListIterator                              : loaded 2 times (x 95B)
Class com.google.common.collect.MapMakerInternalMap$StrongKeyDummyValueEntry$LinkedStrongKeyDummyValueEntry: loaded 2 times (x 82B)
Class com.google.common.collect.MapMakerInternalMap$Strength                          : loaded 2 times (x 80B)
Class com.google.common.base.Platform$JdkPatternCompiler                              : loaded 2 times (x 75B)
Class org.objectweb.asm.MethodTooLargeException                                       : loaded 2 times (x 83B)
Class [Lcom.google.common.cache.CacheBuilder$OneWeigher;                              : loaded 2 times (x 69B)
Class com.google.common.base.Suppliers                                                : loaded 2 times (x 71B)
Class ijJvmDebugger1_1vuot5o4cy0vq474hwdequ0kg$_run_closure1                          : loaded 2 times (x 139B)
Class org.gradle.internal.classloader.DefaultClassLoaderFactory                       : loaded 2 times (x 82B)
Class com.google.common.base.CharMatcher$None                                         : loaded 2 times (x 112B)
Class [Lcom.google.common.collect.AbstractIterator$State;                             : loaded 2 times (x 69B)
Class org.gradle.internal.classloader.ClassLoaderVisitor                              : loaded 2 times (x 76B)
Class [Lcom.google.common.collect.ImmutableMapEntry;                                  : loaded 2 times (x 69B)
Class org.gradle.api.internal.classpath.EffectiveClassPath                            : loaded 2 times (x 90B)
Class com.google.common.collect.CollectSpliterators$1WithCharacteristics              : loaded 2 times (x 90B)
Class com.google.common.collect.ImmutableRangeSet                                     : loaded 2 times (x 115B)
Class com.google.common.collect.ListMultimap                                          : loaded 2 times (x 70B)
Class com.google.common.collect.ImmutableEnumMap                                      : loaded 2 times (x 126B)
Class com.google.common.collect.ImmutableSet$SerializedForm                           : loaded 2 times (x 73B)
Class com.google.common.base.Splitter                                                 : loaded 2 times (x 72B)
Class com.google.common.collect.Sets$1                                                : loaded 2 times (x 139B)
Class org.objectweb.asm.AnnotationVisitor                                             : loaded 2 times (x 78B)
Class org.gradle.api.internal.DefaultClassPathProvider                                : loaded 2 times (x 76B)
Class com.google.common.collect.MapMakerInternalMap$Strength$1                        : loaded 2 times (x 80B)
Class [Lcom.google.common.base.Function;                                              : loaded 2 times (x 69B)
Class com.google.common.collect.Maps$ViewCachingAbstractMap                           : loaded 2 times (x 125B)
Class com.google.common.collect.Sets$2                                                : loaded 2 times (x 139B)
Class [Lorg.gradle.api.internal.ClassPathProvider;                                    : loaded 2 times (x 69B)
Class org.gradle.api.internal.ClassPathProvider                                       : loaded 2 times (x 70B)
Class com.google.common.collect.MapMakerInternalMap$Strength$2                        : loaded 2 times (x 80B)
Class com.google.common.base.AbstractIterator$State                                   : loaded 2 times (x 79B)
Class com.google.common.reflect.Types$ClassOwnership$1                                : loaded 2 times (x 80B)
Class [Lorg.objectweb.asm.AnnotationVisitor;                                          : loaded 2 times (x 69B)
Class com.google.common.collect.Sets$3                                                : loaded 2 times (x 139B)
Class com.google.common.util.concurrent.AbstractFuture$SafeAtomicHelper               : loaded 2 times (x 79B)
Class com.google.common.cache.LocalCache$LocalLoadingCache                            : loaded 2 times (x 134B)
Class org.gradle.internal.service.UnknownServiceException                             : loaded 2 times (x 83B)
Class com.google.common.collect.MapMakerInternalMap$StrongValueEntry                  : loaded 2 times (x 70B)
Class com.google.common.reflect.Types$ClassOwnership$2                                : loaded 2 times (x 80B)
Class com.google.common.reflect.TypeResolver                                          : loaded 2 times (x 72B)
Class com.google.common.collect.Sets$4                                                : loaded 2 times (x 139B)
Class org.objectweb.asm.ModuleVisitor                                                 : loaded 2 times (x 81B)
Class com.google.common.cache.LocalCache$Strength$1                                   : loaded 2 times (x 81B)
Class com.google.common.collect.Collections2$FilteredCollection                       : loaded 2 times (x 119B)
Class com.google.common.reflect.Types$ClassOwnership$3                                : loaded 2 times (x 71B)
Class com.google.common.util.concurrent.SettableFuture                                : loaded 2 times (x 114B)
Class com.google.common.cache.LocalCache$Strength$2                                   : loaded 2 times (x 81B)
Class com.google.common.collect.Interners$InternerImpl                                : loaded 2 times (x 75B)
Class com.google.common.collect.Interner                                              : loaded 2 times (x 70B)
Class com.google.common.base.Splitter$1                                               : loaded 2 times (x 77B)
Class [Lcom.google.common.collect.Maps$EntryFunction;                                 : loaded 2 times (x 69B)
Class com.google.common.collect.TransformedIterator                                   : loaded 2 times (x 80B)
Class com.google.common.cache.LocalCache$Strength$3                                   : loaded 2 times (x 81B)
Class com.google.common.collect.MapDifference                                         : loaded 2 times (x 70B)
Class com.google.common.collect.MapMaker$Dummy                                        : loaded 2 times (x 79B)
Class com.google.common.reflect.Invokable                                             : loaded 2 times (x 103B)
Class org.objectweb.asm.FieldWriter                                                   : loaded 2 times (x 78B)
Class com.google.common.cache.CacheBuilder$NullListener                               : loaded 2 times (x 82B)
Class org.gradle.internal.classpath.TransformedClassPath                              : loaded 2 times (x 96B)
Class org.gradle.internal.classloader.InstrumentingClassLoader                        : loaded 2 times (x 70B)
Class com.google.common.collect.ImmutableListMultimap                                 : loaded 2 times (x 176B)
Class com.google.common.collect.Maps$IteratorBasedAbstractMap$1                       : loaded 2 times (x 138B)
Class com.google.common.reflect.Types$ParameterizedTypeImpl                           : loaded 2 times (x 81B)
Class com.google.common.collect.ImmutableRangeSet$AsSet                               : loaded 2 times (x 300B)
Class com.google.common.cache.CacheLoader$FunctionToCacheLoader                       : loaded 2 times (x 75B)
Class com.google.common.collect.Iterators$ArrayItr                                    : loaded 2 times (x 97B)
Class com.google.common.collect.ImmutableCollection$Builder                           : loaded 2 times (x 76B)
Class com.google.common.collect.EmptyImmutableListMultimap                            : loaded 2 times (x 176B)
Class com.google.common.collect.BaseImmutableMultimap                                 : loaded 2 times (x 123B)
Class com.google.common.reflect.TypeResolver$TypeVariableKey                          : loaded 2 times (x 72B)
Class com.google.common.base.Joiner                                                   : loaded 2 times (x 79B)
Class com.google.common.base.MoreObjects                                              : loaded 2 times (x 71B)
Class com.google.common.collect.Platform                                              : loaded 2 times (x 71B)
Class [Lorg.objectweb.asm.Type;                                                       : loaded 2 times (x 69B)
Class com.google.common.collect.UnmodifiableIterator                                  : loaded 2 times (x 80B)
Class org.gradle.internal.service.ServiceLocator                                      : loaded 2 times (x 70B)
Class com.google.common.collect.HashBiMap$BiEntry                                     : loaded 2 times (x 83B)
Class com.google.common.base.Ascii                                                    : loaded 2 times (x 71B)
Class com.google.common.collect.SingletonImmutableBiMap                               : loaded 2 times (x 143B)
Class com.google.common.cache.LocalCache$1                                            : loaded 2 times (x 89B)
Class com.google.common.collect.AbstractMapEntry                                      : loaded 2 times (x 81B)
Class com.google.common.collect.MapMakerInternalMap$AbstractStrongKeyEntry            : loaded 2 times (x 80B)
Class com.google.common.reflect.TypeToken$SimpleTypeToken                             : loaded 2 times (x 73B)
Class com.google.common.collect.Sets$ImprovedAbstractSet                              : loaded 2 times (x 135B)
Class com.google.common.collect.ImmutableList$Builder                                 : loaded 2 times (x 77B)
Class com.google.common.collect.AbstractMultimap                                      : loaded 2 times (x 123B)
Class com.google.common.cache.LocalCache$2                                            : loaded 2 times (x 142B)
Class com.google.common.collect.ImmutableRangeSet$1                                   : loaded 2 times (x 210B)
Class com.google.common.util.concurrent.AbstractFuture$UnsafeAtomicHelper$1           : loaded 2 times (x 76B)
Class com.google.common.collect.RegularImmutableAsList                                : loaded 2 times (x 217B)
Class com.google.common.base.Optional                                                 : loaded 2 times (x 80B)
Class com.google.common.collect.Range                                                 : loaded 2 times (x 87B)
Class com.google.common.util.concurrent.AbstractFuture$Trusted                        : loaded 2 times (x 70B)
Class com.google.common.collect.Iterators                                             : loaded 2 times (x 71B)
Class com.google.common.io.ByteSink$AsCharSink                                        : loaded 2 times (x 80B)
Class com.google.common.collect.Lists$StringAsImmutableList                           : loaded 2 times (x 207B)
Class com.google.common.util.concurrent.UncheckedExecutionException                   : loaded 2 times (x 82B)
Class org.gradle.internal.InternalTransformer                                         : loaded 2 times (x 70B)
Class com.google.common.collect.AbstractMapBasedMultimap$KeySet$1                     : loaded 2 times (x 82B)
Class org.objectweb.asm.ClassWriter                                                   : loaded 2 times (x 106B)
Class com.google.common.cache.CacheLoader$UnsupportedLoadingOperationException        : loaded 2 times (x 82B)
Class com.google.common.base.CharMatcher$And                                          : loaded 2 times (x 112B)
Class org.gradle.internal.classloader.ClasspathUtil$1                                 : loaded 2 times (x 76B)
Class com.google.common.collect.FluentIterable$1                                      : loaded 2 times (x 81B)
Class com.google.common.base.Objects                                                  : loaded 2 times (x 71B)
Class org.objectweb.asm.FieldVisitor                                                  : loaded 2 times (x 77B)
Class com.google.common.collect.IndexedImmutableSet                                   : loaded 2 times (x 152B)
Class com.google.common.collect.ImmutableMap$1                                        : loaded 2 times (x 81B)
Class com.google.common.collect.BiMap                                                 : loaded 2 times (x 70B)
Class org.gradle.api.internal.classpath.DefaultModuleRegistry$DefaultModule           : loaded 2 times (x 86B)
Class com.google.common.collect.FluentIterable$2                                      : loaded 2 times (x 81B)
Class com.google.common.base.Absent                                                   : loaded 2 times (x 80B)
Class com.google.common.reflect.Reflection                                            : loaded 2 times (x 71B)
Class com.google.common.primitives.Ints                                               : loaded 2 times (x 71B)
Class com.google.common.collect.AbstractIterator                                      : loaded 2 times (x 82B)
Class com.google.common.collect.FluentIterable$3                                      : loaded 2 times (x 81B)
Class com.google.common.collect.ObjectArrays                                          : loaded 2 times (x 71B)
Class com.google.common.collect.Multiset                                              : loaded 2 times (x 70B)
Class com.google.common.collect.ArrayListMultimapGwtSerializationDependencies         : loaded 2 times (x 172B)
Class com.google.common.collect.AbstractIndexedListIterator                           : loaded 2 times (x 96B)
Class com.google.common.math.MathPreconditions                                        : loaded 2 times (x 71B)
Class com.google.common.collect.ImmutableMapEntrySet                                  : loaded 2 times (x 152B)
Class org.gradle.api.internal.classpath.Module                                        : loaded 2 times (x 70B)
Class com.google.common.cache.Weigher                                                 : loaded 2 times (x 70B)
Class org.gradle.api.internal.classpath.UnknownModuleException                        : loaded 2 times (x 82B)
Class com.google.common.base.Stopwatch                                                : loaded 2 times (x 72B)
Class com.google.common.cache.LocalCache$Strength                                     : loaded 2 times (x 81B)
Class com.google.common.cache.Cache                                                   : loaded 2 times (x 70B)
Class com.google.common.io.Files$2                                                    : loaded 2 times (x 76B)
Class com.google.common.io.AppendableWriter                                           : loaded 2 times (x 100B)
Class com.google.common.base.NullnessCasts                                            : loaded 2 times (x 71B)
Class com.google.common.util.concurrent.AbstractFuture$Cancellation                   : loaded 2 times (x 72B)
Class com.google.common.collect.ImmutableMap$Builder                                  : loaded 2 times (x 82B)
Class com.google.common.collect.Maps$EntryFunction$1                                  : loaded 2 times (x 91B)
Class com.google.common.base.Present                                                  : loaded 2 times (x 81B)
Class com.google.common.cache.RemovalListener                                         : loaded 2 times (x 70B)
Class org.gradle.api.internal.DefaultClassPathRegistry                                : loaded 2 times (x 76B)
Class com.google.common.collect.ImmutableMultimap$Keys                                : loaded 2 times (x 166B)
Class com.google.common.collect.Maps$EntryFunction$2                                  : loaded 2 times (x 91B)
Class com.google.common.reflect.Invokable$ConstructorInvokable                        : loaded 2 times (x 107B)
Class com.google.common.primitives.IntsMethodsForWeb                                  : loaded 2 times (x 71B)
Class com.google.common.collect.Multimap                                              : loaded 2 times (x 70B)
Class org.gradle.api.internal.ClassPathRegistry                                       : loaded 2 times (x 70B)
Class org.gradle.internal.classpath.DefaultClassPath$ImmutableUniqueList              : loaded 2 times (x 199B)
Class com.google.common.collect.MapMakerInternalMap$Segment                           : loaded 2 times (x 142B)
Class com.google.common.collect.NullnessCasts                                         : loaded 2 times (x 71B)
Class com.google.common.base.ExtraObjectsMethodsForWeb                                : loaded 2 times (x 71B)
Class com.google.common.reflect.TypeToken                                             : loaded 2 times (x 73B)
Class com.google.common.io.ByteSink                                                   : loaded 2 times (x 76B)
Class com.google.common.cache.CacheBuilder                                            : loaded 2 times (x 72B)
Class com.google.common.collect.SingletonImmutableList                                : loaded 2 times (x 207B)
Class org.gradle.internal.classpath.ClassPath                                         : loaded 2 times (x 70B)
Class org.gradle.api.UncheckedIOException                                             : loaded 2 times (x 82B)
Class com.google.common.collect.Interners$InternerBuilder                             : loaded 2 times (x 76B)
Class com.google.common.io.Files$FileByteSource                                       : loaded 2 times (x 85B)
Class [Lcom.google.common.reflect.Types$JavaVersion;                                  : loaded 2 times (x 69B)
Class com.google.common.base.JdkPattern                                               : loaded 2 times (x 75B)
Class com.google.common.collect.ImmutableList$ReverseImmutableList                    : loaded 2 times (x 209B)
Class com.google.common.io.CharStreams$NullWriter                                     : loaded 2 times (x 99B)
Class org.objectweb.asm.SymbolTable$Entry                                             : loaded 2 times (x 74B)
Class com.google.common.util.concurrent.AbstractFuture$AtomicHelper                   : loaded 2 times (x 78B)
Class org.objectweb.asm.Edge                                                          : loaded 2 times (x 72B)
Class com.google.common.base.Suppliers$SupplierOfInstance                             : loaded 2 times (x 79B)
Class com.google.common.collect.Iterators$1                                           : loaded 2 times (x 81B)
Class com.google.common.reflect.TypeToken$1                                           : loaded 2 times (x 110B)
Class com.google.common.cache.LocalCache$ComputingValueReference                      : loaded 2 times (x 96B)
Class com.google.common.collect.SingletonImmutableSet                                 : loaded 2 times (x 146B)
Class com.google.common.collect.ImmutableMap$IteratorBasedImmutableMap                : loaded 2 times (x 126B)
Class com.google.common.collect.AbstractMapBasedMultimap$AsMap$AsMapEntries           : loaded 2 times (x 138B)
Class com.google.common.reflect.TypeToken$2                                           : loaded 2 times (x 110B)
Class com.google.common.cache.LocalCache$Segment                                      : loaded 2 times (x 154B)
Class com.google.common.collect.SortedIterable                                        : loaded 2 times (x 70B)
Class com.google.common.collect.AbstractListMultimap                                  : loaded 2 times (x 172B)
Class [Lorg.objectweb.asm.SymbolTable$Entry;                                          : loaded 2 times (x 69B)
Class com.google.common.cache.CacheLoader                                             : loaded 2 times (x 74B)
Class com.google.common.collect.Iterators$4                                           : loaded 2 times (x 82B)
Class com.google.common.collect.ImmutableBiMap                                        : loaded 2 times (x 143B)
Class org.gradle.internal.installation.GradleInstallation$1                           : loaded 2 times (x 75B)
Class org.gradle.api.internal.classpath.ModuleRegistry                                : loaded 2 times (x 70B)
Class com.google.common.base.Splitter$SplittingIterator                               : loaded 2 times (x 84B)
Class com.google.common.util.concurrent.internal.InternalFutureFailureAccess          : loaded 2 times (x 72B)
Class com.google.common.collect.Iterators$5                                           : loaded 2 times (x 82B)
Class com.google.common.collect.ImmutableSet$JdkBackedSetBuilderImpl                  : loaded 2 times (x 76B)
Class com.google.common.collect.HashBiMap$Inverse                                     : loaded 2 times (x 142B)
Class com.google.common.collect.ImmutableMultimap$Values                              : loaded 2 times (x 126B)
Class com.google.common.collect.Iterators$6                                           : loaded 2 times (x 81B)
Class com.google.common.util.concurrent.AbstractFuture$UnsafeAtomicHelper             : loaded 2 times (x 78B)
Class com.google.common.cache.LocalCache$LocalManualCache$1                           : loaded 2 times (x 75B)
Class com.google.common.base.CharMatcher$ForPredicate                                 : loaded 2 times (x 112B)
Class com.google.common.base.CharMatcher$AnyOf                                        : loaded 2 times (x 112B)
Class com.google.common.collect.ImmutableCollection                                   : loaded 2 times (x 125B)
Class org.gradle.api.internal.classpath.DefaultModuleRegistry                         : loaded 2 times (x 86B)
Class com.google.common.collect.Lists                                                 : loaded 2 times (x 71B)
Class com.google.common.util.concurrent.ListenableFuture                              : loaded 2 times (x 70B)
Class com.google.common.cache.ReferenceEntry                                          : loaded 2 times (x 70B)
Class com.google.common.base.Converter                                                : loaded 2 times (x 90B)
Class com.google.common.collect.ImmutableSet$CachingAsList                            : loaded 2 times (x 148B)
Class com.google.common.collect.AbstractMapBasedMultimap                              : loaded 2 times (x 139B)
Class com.google.common.util.concurrent.AbstractFuture                                : loaded 2 times (x 106B)
Class com.google.common.base.FunctionalEquivalence                                    : loaded 2 times (x 83B)
Class com.google.common.collect.Iterators$9                                           : loaded 2 times (x 81B)
Class com.google.common.collect.ImmutableAsList                                       : loaded 2 times (x 209B)
Class com.google.common.io.CharStreams                                                : loaded 2 times (x 71B)
Class com.google.common.collect.ImmutableMultiset                                     : loaded 2 times (x 163B)
Class com.google.common.reflect.TypeResolver$TypeTable                                : loaded 2 times (x 73B)
Class org.objectweb.asm.RecordComponentVisitor                                        : loaded 2 times (x 77B)
Class com.google.common.cache.CacheLoader$SupplierToCacheLoader                       : loaded 2 times (x 75B)
Class ijJvmDebugger1_1vuot5o4cy0vq474hwdequ0kg                                        : loaded 2 times (x 179B)
Class com.google.common.reflect.TypeResolver$TypeTable$1                              : loaded 2 times (x 73B)
Class com.google.common.collect.Maps$EntryTransformer                                 : loaded 2 times (x 70B)
Class org.gradle.internal.service.ServiceLookupException                              : loaded 2 times (x 82B)
Class com.google.common.collect.Lists$ReverseList                                     : loaded 2 times (x 200B)
Class com.google.common.collect.ImmutableSortedSet                                    : loaded 2 times (x 300B)
Class [Lcom.google.common.cache.LocalCache$EntryFactory;                              : loaded 2 times (x 69B)
Class org.gradle.internal.classloader.ClassLoaderFactory                              : loaded 2 times (x 70B)
Class com.google.common.base.CommonPattern                                            : loaded 2 times (x 74B)
Class com.google.common.cache.LocalCache$LocalManualCache                             : loaded 2 times (x 99B)
Class com.google.common.base.CharMatcher$IsNot                                        : loaded 2 times (x 111B)
Class build_2ni5e0nogpghjnv4hkgjvnkcy$_run_closure1                                   : loaded 2 times (x 139B)
Class org.gradle.internal.service.CachingServiceLocator                               : loaded 2 times (x 82B)
Class com.google.common.collect.AbstractMapBasedMultimap$KeySet                       : loaded 2 times (x 137B)
Class com.google.common.collect.RegularImmutableSortedSet                             : loaded 2 times (x 300B)
Class com.google.common.math.IntMath                                                  : loaded 2 times (x 71B)
Class com.google.common.collect.MapMakerInternalMap$InternalEntry                     : loaded 2 times (x 70B)
Class [Lcom.google.common.collect.HashBiMap$BiEntry;                                  : loaded 2 times (x 69B)
Class com.google.common.reflect.Types$TypeVariableInvocationHandler                   : loaded 2 times (x 75B)
Class com.google.common.collect.ImmutableMapEntry                                     : loaded 2 times (x 85B)
Class com.google.common.collect.ImmutableMultimap                                     : loaded 2 times (x 147B)
Class com.google.common.base.Predicates                                               : loaded 2 times (x 71B)
Class com.google.common.base.Equivalence                                              : loaded 2 times (x 82B)
Class com.google.common.base.Function                                                 : loaded 2 times (x 70B)
Class com.google.common.collect.ImmutableMapEntry$NonTerminalImmutableMapEntry        : loaded 2 times (x 85B)
Class com.google.common.collect.IndexedImmutableSet$1                                 : loaded 2 times (x 213B)
Class com.google.common.cache.CacheBuilder$OneWeigher                                 : loaded 2 times (x 82B)
Class com.google.common.collect.RegularImmutableList                                  : loaded 2 times (x 213B)
Class com.google.common.collect.Maps$EntryFunction                                    : loaded 2 times (x 91B)
Class com.google.common.reflect.Types$ClassOwnership$1LocalClass                      : loaded 2 times (x 71B)
Class org.gradle.internal.classloader.ClasspathUtil                                   : loaded 2 times (x 71B)
Class com.google.common.base.Charsets                                                 : loaded 2 times (x 71B)
Class com.google.common.util.concurrent.Uninterruptibles                              : loaded 2 times (x 71B)
Class com.google.common.collect.Maps                                                  : loaded 2 times (x 71B)
Class org.gradle.api.specs.Spec                                                       : loaded 2 times (x 70B)
Class com.google.common.collect.MapMaker                                              : loaded 2 times (x 72B)
Class com.google.common.reflect.Types$JavaVersion                                     : loaded 2 times (x 83B)
Class [Lcom.google.common.collect.ImmutableEntry;                                     : loaded 2 times (x 69B)
Class com.google.common.collect.Sets$3$1                                              : loaded 2 times (x 82B)
Class com.google.common.cache.LocalCache$LoadingValueReference                        : loaded 2 times (x 96B)
Class com.google.common.collect.MapMakerInternalMap$StrongKeyDummyValueEntry          : loaded 2 times (x 82B)
Class com.google.common.io.LineReader$1                                               : loaded 2 times (x 75B)
Class com.google.common.collect.AbstractMapBasedMultimap$AsMap                        : loaded 2 times (x 128B)
Class com.google.common.collect.CollectSpliterators                                   : loaded 2 times (x 71B)
Class com.google.common.reflect.Invokable$MethodInvokable                             : loaded 2 times (x 107B)
Class com.google.common.base.Platform                                                 : loaded 2 times (x 71B)
Class com.google.common.collect.AbstractMapBasedMultimap$WrappedList                  : loaded 2 times (x 205B)
Class [Lorg.objectweb.asm.AnnotationWriter;                                           : loaded 2 times (x 69B)
Class com.google.common.collect.Maps$8                                                : loaded 2 times (x 82B)
Class com.google.common.base.Predicates$CompositionPredicate                          : loaded 2 times (x 88B)
Class com.google.common.collect.Lists$ReverseList$1                                   : loaded 2 times (x 99B)
Class com.google.common.collect.ImmutableRangeSet$Builder                             : loaded 2 times (x 77B)
Class com.google.common.collect.Sets$SetView                                          : loaded 2 times (x 138B)
Class com.google.common.cache.LocalCache$StrongValueReference                         : loaded 2 times (x 90B)
Class com.google.common.util.concurrent.AbstractFuture$SynchronizedHelper             : loaded 2 times (x 78B)
Class com.google.common.graph.SuccessorsFunction                                      : loaded 2 times (x 70B)
Class org.objectweb.asm.Type                                                          : loaded 2 times (x 72B)
Class ijKotlinCoroutineJvmDebugInit1_50xdj4i65ygzck2bdgbuvg0sf$_run_closure1$_closure2: loaded 2 times (x 139B)
Class org.gradle.internal.classloader.VisitableURLClassLoader$InstrumentingVisitableURLClassLoader: loaded 2 times (x 123B)
Class com.google.common.collect.MapMakerInternalMap$StrongKeyDummyValueEntry$Helper   : loaded 2 times (x 79B)
Class com.google.common.io.Files$FileByteSink                                         : loaded 2 times (x 77B)
Class org.objectweb.asm.ByteVector                                                    : loaded 2 times (x 79B)
Class [Lcom.google.common.cache.CacheBuilder$NullListener;                            : loaded 2 times (x 69B)
Class com.google.common.math.IntMath$1                                                : loaded 2 times (x 71B)
Class org.gradle.internal.classloader.VisitableURLClassLoader$Spec                    : loaded 2 times (x 74B)
Class org.gradle.internal.classpath.DefaultClassPath                                  : loaded 2 times (x 90B)
Class com.google.common.base.AbstractIterator                                         : loaded 2 times (x 80B)
Class com.google.common.reflect.Types$ClassOwnership                                  : loaded 2 times (x 80B)
Class org.objectweb.asm.Symbol                                                        : loaded 2 times (x 73B)
Class com.google.common.io.Java8Compatibility                                         : loaded 2 times (x 71B)
Class com.google.common.io.Closer                                                     : loaded 2 times (x 78B)
Class com.google.common.collect.Sets$FilteredSet                                      : loaded 2 times (x 137B)
Class com.google.common.base.CharMatcher$Ascii                                        : loaded 2 times (x 112B)
Class com.google.common.base.CharMatcher$BitSetMatcher                                : loaded 2 times (x 112B)
Class com.google.common.collect.RegularImmutableMap$Values                            : loaded 2 times (x 207B)
Class com.google.common.collect.ImmutableSet                                          : loaded 2 times (x 145B)
Class org.gradle.internal.classloader.ClassLoaderSpec                                 : loaded 2 times (x 71B)
Class org.objectweb.asm.AnnotationWriter                                              : loaded 2 times (x 79B)
Class com.google.common.cache.CacheStats                                              : loaded 2 times (x 71B)
Class com.google.common.collect.Interners                                             : loaded 2 times (x 71B)
Class com.google.common.io.LineProcessor                                              : loaded 2 times (x 70B)
Class com.google.common.collect.ImmutableMultisetGwtSerializationDependencies         : loaded 2 times (x 125B)
Class com.google.common.io.Closer$Suppressor                                          : loaded 2 times (x 70B)
Class org.objectweb.asm.RecordComponentWriter                                         : loaded 2 times (x 78B)
Class com.google.common.util.concurrent.AbstractFuture$Listener                       : loaded 2 times (x 72B)
Class com.google.common.base.CharMatcher$Or                                           : loaded 2 times (x 112B)
Class org.objectweb.asm.Attribute                                                     : loaded 2 times (x 77B)
Class com.google.common.base.Supplier                                                 : loaded 2 times (x 70B)
Class org.gradle.internal.classloader.VisitableURLClassLoader                         : loaded 2 times (x 117B)
Class com.google.common.collect.ImmutableList$SerializedForm                          : loaded 2 times (x 73B)
Class com.google.common.util.concurrent.AbstractFuture$Waiter                         : loaded 2 times (x 72B)
Class org.gradle.internal.Cast                                                        : loaded 2 times (x 71B)
Class org.gradle.api.Action                                                           : loaded 2 times (x 70B)
Class com.google.common.collect.MapMakerInternalMap                                   : loaded 2 times (x 161B)
Class com.google.common.collect.HashBiMap                                             : loaded 2 times (x 143B)
Class com.google.common.base.Strings                                                  : loaded 2 times (x 71B)
Class com.google.common.collect.Sets                                                  : loaded 2 times (x 71B)
Class org.objectweb.asm.Handler                                                       : loaded 2 times (x 72B)
Class com.google.common.base.Ticker                                                   : loaded 2 times (x 72B)
Class com.google.common.base.CharMatcher$FastMatcher                                  : loaded 2 times (x 111B)
Class [Lcom.google.common.cache.LocalCache$Segment;                                   : loaded 2 times (x 69B)
Class [Lcom.google.common.cache.LocalCache$Strength;                                  : loaded 2 times (x 69B)
Class com.google.common.cache.CacheBuilder$1                                          : loaded 2 times (x 85B)
Class com.google.common.base.Predicate                                                : loaded 2 times (x 70B)
Class com.google.common.collect.ImmutableMap                                          : loaded 2 times (x 120B)
Class org.gradle.internal.classpath.DefaultClassPath$ImmutableUniqueList$Builder      : loaded 2 times (x 75B)
Class com.google.common.collect.MapMakerInternalMap$WeakValueReference                : loaded 2 times (x 70B)
Class com.google.common.collect.AbstractRangeSet                                      : loaded 2 times (x 114B)
Class com.google.common.cache.LocalCache                                              : loaded 2 times (x 187B)
Class com.google.common.cache.CacheBuilder$2                                          : loaded 2 times (x 79B)
Class com.google.common.base.CharMatcher$NegatedFastMatcher                           : loaded 2 times (x 113B)
Class ijKotlinCoroutineJvmDebugInit1_50xdj4i65ygzck2bdgbuvg0sf$_run_closure1          : loaded 2 times (x 139B)
Class com.google.common.collect.ArrayListMultimap                                     : loaded 2 times (x 172B)
Class com.google.common.cache.CacheBuilder$3                                          : loaded 2 times (x 72B)
Class [Lcom.google.common.collect.AbstractMapEntry;                                   : loaded 2 times (x 69B)
Class com.google.common.collect.ImmutableEntry                                        : loaded 2 times (x 82B)
Class ijJvmDebugger1_1vuot5o4cy0vq474hwdequ0kg$_run_closure1$_closure2                : loaded 2 times (x 140B)
Class org.gradle.api.GradleException                                                  : loaded 2 times (x 82B)
Class com.google.common.base.Suppliers$MemoizingSupplier                              : loaded 2 times (x 79B)
Class com.google.common.collect.CollectPreconditions                                  : loaded 2 times (x 71B)
Class [Lcom.google.common.collect.MapMakerInternalMap$Strength;                       : loaded 2 times (x 69B)
Class [Lcom.google.common.io.FileWriteMode;                                           : loaded 2 times (x 69B)
Class com.google.common.collect.Maps$AbstractFilteredMap                              : loaded 2 times (x 127B)
Class com.google.common.collect.SortedMapDifference                                   : loaded 2 times (x 70B)
Class com.google.common.cache.LocalCache$HashIterator                                 : loaded 2 times (x 86B)
Class com.google.common.collect.MapMakerInternalMap$StrongKeyDummyValueSegment        : loaded 2 times (x 142B)
Class com.google.common.collect.Iterables$4                                           : loaded 2 times (x 81B)
Class com.google.common.io.Files                                                      : loaded 2 times (x 71B)
Class com.google.common.cache.LocalCache$EntryFactory                                 : loaded 2 times (x 83B)
Class [Lcom.google.common.collect.MapMaker$Dummy;                                     : loaded 2 times (x 69B)
Class com.google.common.base.CharMatcher$Whitespace                                   : loaded 2 times (x 112B)
Class com.google.common.base.Splitter$1$1                                             : loaded 2 times (x 86B)
Class com.google.common.collect.Iterables$5                                           : loaded 2 times (x 81B)
Class com.google.common.reflect.Types$NativeTypeVariableEquals                        : loaded 2 times (x 71B)
Class com.google.common.reflect.TypeParameter                                         : loaded 2 times (x 72B)
Class com.google.common.cache.LocalCache$AbstractReferenceEntry                       : loaded 2 times (x 107B)
Class org.gradle.internal.IoActions                                                   : loaded 2 times (x 71B)
Class com.google.common.collect.ImmutableMapKeySet                                    : loaded 2 times (x 152B)
Class com.google.common.collect.ImmutableRangeSet$ComplementRanges                    : loaded 2 times (x 207B)
Class org.objectweb.asm.SymbolTable                                                   : loaded 2 times (x 72B)
Class com.google.common.cache.CacheLoader$InvalidCacheLoadException                   : loaded 2 times (x 82B)
Class com.google.common.collect.ImmutableSet$RegularSetBuilderImpl                    : loaded 2 times (x 77B)
Class org.gradle.internal.classloader.SystemClassLoaderSpec                           : loaded 2 times (x 71B)
Class com.google.common.collect.FluentIterable                                        : loaded 2 times (x 81B)
Class com.google.common.cache.LocalCache$StrongEntry                                  : loaded 2 times (x 108B)
Class com.google.common.util.concurrent.AbstractFuture$TrustedFuture                  : loaded 2 times (x 114B)
Class com.google.common.cache.LoadingCache                                            : loaded 2 times (x 70B)
Class build_2ni5e0nogpghjnv4hkgjvnkcy$_run_closure1$_closure2                         : loaded 2 times (x 139B)
Class com.google.common.base.Suppliers$NonSerializableMemoizingSupplier               : loaded 2 times (x 79B)
Class org.objectweb.asm.MethodWriter                                                  : loaded 2 times (x 106B)
Class [Lcom.google.common.cache.Weigher;                                              : loaded 2 times (x 69B)
Class com.google.common.collect.RegularImmutableMap$BucketOverflowException           : loaded 2 times (x 82B)
Class com.google.common.collect.ImmutableMultimap$1                                   : loaded 2 times (x 82B)
Class com.google.common.collect.AbstractMapBasedMultimap$RandomAccessWrappedList      : loaded 2 times (x 205B)
Class com.google.common.collect.ImmutableMultimap$2                                   : loaded 2 times (x 81B)
Class com.google.common.collect.AbstractIterator$State                                : loaded 2 times (x 79B)
Class com.google.common.reflect.Types$JavaVersion$1                                   : loaded 2 times (x 83B)
Class com.google.common.collect.RegularImmutableBiMap                                 : loaded 2 times (x 149B)
Class com.google.common.cache.LocalCache$ValueReference                               : loaded 2 times (x 70B)
Class com.google.common.base.CharMatcher$Is                                           : loaded 2 times (x 111B)
Class com.google.common.base.CharMatcher$Negated                                      : loaded 2 times (x 113B)
Class com.google.common.reflect.Types$JavaVersion$2                                   : loaded 2 times (x 83B)
Class com.google.common.reflect.Types                                                 : loaded 2 times (x 71B)
Class com.google.common.hash.PrimitiveSink                                            : loaded 2 times (x 70B)
Class com.google.common.base.PatternCompiler                                          : loaded 2 times (x 70B)
Class com.google.common.util.concurrent.AbstractFuture$Failure                        : loaded 2 times (x 72B)
Class com.google.common.base.Equivalence$Equals                                       : loaded 2 times (x 82B)
Class com.google.common.collect.Hashing                                               : loaded 2 times (x 71B)
Class com.google.common.base.Preconditions                                            : loaded 2 times (x 71B)
Class com.google.common.io.CharSink                                                   : loaded 2 times (x 79B)
Class com.google.common.reflect.Types$JavaVersion$3                                   : loaded 2 times (x 83B)
Class com.google.common.base.Joiner$1                                                 : loaded 2 times (x 80B)
Class org.objectweb.asm.Label                                                         : loaded 2 times (x 73B)
Class org.objectweb.asm.CurrentFrame                                                  : loaded 2 times (x 73B)
Class org.objectweb.asm.ClassTooLargeException                                        : loaded 2 times (x 83B)
Class com.google.common.base.CharMatcher                                              : loaded 2 times (x 111B)
Class com.google.common.collect.PeekingIterator                                       : loaded 2 times (x 70B)
Class com.google.common.collect.Table                                                 : loaded 2 times (x 70B)
Class com.google.common.collect.MapMakerInternalMap$InternalEntryHelper               : loaded 2 times (x 70B)
Class com.google.common.collect.Maps$IteratorBasedAbstractMap                         : loaded 2 times (x 125B)
Class com.google.common.reflect.Types$JavaVersion$4                                   : loaded 2 times (x 83B)
Class com.google.common.collect.RangeGwtSerializationDependencies                     : loaded 2 times (x 71B)
Class com.google.common.base.Joiner$2                                                 : loaded 2 times (x 79B)
Class org.objectweb.asm.Frame                                                         : loaded 2 times (x 73B)
Class org.objectweb.asm.MethodVisitor                                                 : loaded 2 times (x 105B)
Class com.google.common.cache.LocalCache$EntryFactory$1                               : loaded 2 times (x 83B)
Class [Lcom.google.common.cache.RemovalListener;                                      : loaded 2 times (x 69B)
Class com.google.common.base.CharMatcher$1                                            : loaded 2 times (x 113B)
Class com.google.common.base.CharMatcher$NamedFastMatcher                             : loaded 2 times (x 112B)
Class com.google.common.reflect.Types$JavaVersion$5                                   : loaded 2 times (x 71B)
Class [Lcom.google.common.reflect.Types$ClassOwnership;                               : loaded 2 times (x 69B)
Class com.google.common.collect.RangeSet                                              : loaded 2 times (x 70B)
Class com.google.common.cache.LocalCache$EntryFactory$2                               : loaded 2 times (x 83B)
Class org.gradle.api.internal.classpath.GlobalCacheRootsProvider                      : loaded 2 times (x 70B)
Class com.google.common.collect.CollectCollectors                                     : loaded 2 times (x 71B)
Class org.objectweb.asm.ModuleWriter                                                  : loaded 2 times (x 82B)
Class com.google.common.cache.LocalCache$EntryFactory$3                               : loaded 2 times (x 83B)
Class com.google.common.base.Ticker$1                                                 : loaded 2 times (x 72B)
Class com.google.common.collect.Maps$BiMapConverter                                   : loaded 2 times (x 90B)
Class com.google.common.collect.ImmutableMapEntrySet$RegularEntrySet                  : loaded 2 times (x 152B)
Class ijKotlinCoroutineJvmDebugInit1_50xdj4i65ygzck2bdgbuvg0sf                        : loaded 2 times (x 179B)
Class com.google.common.collect.CollectSpliterators$1                                 : loaded 2 times (x 90B)
Class com.google.common.cache.LocalCache$EntryFactory$4                               : loaded 2 times (x 83B)
Class com.google.common.base.CharMatcher$InRange                                      : loaded 2 times (x 111B)
Class com.google.common.collect.ImmutableSet$Builder                                  : loaded 2 times (x 85B)
Class com.google.common.cache.LocalCache$EntryFactory$5                               : loaded 2 times (x 83B)
Class com.google.common.cache.LocalCache$EntryFactory$6                               : loaded 2 times (x 83B)
Class org.gradle.internal.installation.CurrentGradleInstallationLocator               : loaded 2 times (x 71B)
Class com.google.common.collect.ImmutableMultimap$Builder                             : loaded 2 times (x 86B)
Class com.google.common.collect.Maps$KeySet                                           : loaded 2 times (x 137B)
Class com.google.common.cache.LocalCache$EntryFactory$7                               : loaded 2 times (x 83B)
Class com.google.common.collect.ImmutableSet$EmptySetBuilderImpl                      : loaded 2 times (x 76B)
Class com.google.common.collect.ImmutableList                                         : loaded 2 times (x 206B)
Class org.gradle.internal.service.DefaultServiceLocator                               : loaded 2 times (x 83B)
Class com.google.common.collect.ImmutableMultimap$EntryCollection                     : loaded 2 times (x 128B)
Class com.google.common.collect.Maps$EntrySet                                         : loaded 2 times (x 136B)
Class com.google.common.cache.LocalCache$EntryFactory$8                               : loaded 2 times (x 83B)
Class com.google.common.collect.ImmutableSet$SetBuilderImpl                           : loaded 2 times (x 76B)
Class org.gradle.internal.installation.CurrentGradleInstallation                      : loaded 2 times (x 73B)
Class com.google.common.cache.CacheLoader$1                                           : loaded 2 times (x 75B)
Class com.google.common.collect.ForwardingObject                                      : loaded 2 times (x 72B)
Class com.google.common.collect.ImmutableList$SubList                                 : loaded 2 times (x 209B)
Class org.gradle.util.internal.GUtil                                                  : loaded 2 times (x 71B)
Class com.google.common.io.ByteSource                                                 : loaded 2 times (x 84B)
Class com.google.common.util.concurrent.AbstractFuture$SetFuture                      : loaded 2 times (x 75B)
Class com.google.common.cache.AbstractCache$StatsCounter                              : loaded 2 times (x 70B)
Class com.google.common.collect.MapMakerInternalMap$1                                 : loaded 2 times (x 83B)
Class com.google.common.io.LineBuffer                                                 : loaded 2 times (x 75B)
Class com.google.common.reflect.Types$TypeVariableImpl                                : loaded 2 times (x 72B)
Class com.google.common.collect.Iterators$MergingIterator                             : loaded 2 times (x 81B)
Class com.google.common.collect.RegularImmutableSet                                   : loaded 2 times (x 149B)
Class org.gradle.internal.installation.GradleInstallation                             : loaded 2 times (x 75B)
Class com.google.common.base.Splitter$Strategy                                        : loaded 2 times (x 70B)
Class com.google.common.collect.Iterables                                             : loaded 2 times (x 71B)
Class com.google.common.collect.Lists$RandomAccessReverseList                         : loaded 2 times (x 200B)

---------------  S Y S T E M  ---------------

OS:
 Windows 10 , 64 bit Build 19041 (10.0.19041.5915)
OS uptime: 2 days 16:56 hours

CPU: total 12 (initial active 12) (12 cores per cpu, 2 threads per core) family 25 model 33 stepping 2 microcode 0x0, cx8, cmov, fxsr, ht, mmx, 3dnowpref, sse, sse2, sse3, ssse3, sse4a, sse4.1, sse4.2, popcnt, lzcnt, tsc, tscinvbit, avx, avx2, aes, erms, clmul, bmi1, bmi2, adx, sha, fma, vzeroupper, clflush, clflushopt, rdtscp, rdpid, fsrm, f16c, pku, cet_ss
Processor Information for the first 12 processors :
  Max Mhz: 3501, Current Mhz: 3501, Mhz Limit: 3501

Memory: 4k page, system-wide physical 16310M (544M free)
TotalPageFile size 30418M (AvailPageFile size 30M)
current process WorkingSet (physical memory assigned to process): 867M, peak: 867M
current process commit charge ("private bytes"): 1036M, peak: 1038M

vm_info: OpenJDK 64-Bit Server VM (21.0.8+-14018985-b1038.68) for windows-amd64 JRE (21.0.8+-14018985-b1038.68), built on 2025-08-29T19:56:34Z by "builder" with MS VC++ 16.10 / 16.11 (VS2019)

END.
